company_name,ticker,currency,exchange,country,index,sector,ticker_yfinance,has_adr,adr_ticker
3I Group PLC,III.L,GBX,LSE,UK,FTSE100,Financial Services,III.L,False,
Admiral Group PLC,ADM.L,GBX,LSE,UK,FTSE100,Insurance,ADM.L,False,
Airtel Africa PLC,AAF.L,GBX,LSE,UK,FTSE100,Telecom,AAF.L,False,
Alliance Witan PLC,ALW.L,GBX,LSE,UK,FTSE100,Investment Trust,ALW.L,False,
Anglo American PLC,AAL.L,GBX,LSE,UK,FTSE100,Mining,AAL.L,True,NGLOY
Antofagasta PLC,ANTO.L,GBX,LSE,UK,FTSE100,Mining,ANTO.L,False,
Ashtead Group PLC,AHT.L,GBX,LSE,UK,FTSE100,Industrials,AHT.L,False,
Associated British Foods PLC,ABF.L,GBX,LSE,UK,FTSE100,Consumer Staples,ABF.L,False,
AstraZeneca PLC,AZN.L,GBX,LSE,UK,FTSE100,Pharmaceuticals,AZN.L,True,AZN
Auto Trader Group PLC,AUTO.L,GBX,LSE,UK,FTSE100,Technology,AUTO.L,False,
Aviva PLC,AV.L,GBX,LSE,UK,FTSE100,Insurance,AV.L,False,
BAE Systems PLC,BA.L,GBX,LSE,UK,FTSE100,Aerospace & Defence,BA.L,True,BAESY
Barclays PLC,BARC.L,GBX,LSE,UK,FTSE100,Banking,BARC.L,False,
Barratt Redrow PLC,BTRW.L,GBX,LSE,UK,FTSE100,Housebuilding,BTRW.L,False,
Beazley PLC,BEZ.L,GBX,LSE,UK,FTSE100,Insurance,BEZ.L,False,
Berkeley Group Holdings PLC,BKG.L,GBX,LSE,UK,FTSE100,Housebuilding,BKG.L,False,
BP PLC,BP.L,GBX,LSE,UK,FTSE100,Energy,BP.L,True,BP
British American Tobacco PLC,BATS.L,GBX,LSE,UK,FTSE100,Consumer Staples,BATS.L,True,BTI
British Land Co PLC,BLND.L,GBX,LSE,UK,FTSE100,Real Estate,BLND.L,False,
BT Group PLC,BT-A.L,GBX,LSE,UK,FTSE100,Telecom,BT-A.L,False,
Bunzl PLC,BNZL.L,GBX,LSE,UK,FTSE100,Industrials,BNZL.L,False,
Centrica PLC,CNA.L,GBX,LSE,UK,FTSE100,Utilities,CNA.L,False,
Coca-Cola HBC AG,CCH.L,GBX,LSE,UK,FTSE100,Consumer Staples,CCH.L,False,
Compass Group PLC,CPG.L,GBX,LSE,UK,FTSE100,Consumer Services,CPG.L,True,CMPGY
Convatec Group PLC,CTEC.L,GBX,LSE,UK,FTSE100,Healthcare,CTEC.L,False,
Croda International PLC,CRDA.L,GBX,LSE,UK,FTSE100,Chemicals,CRDA.L,False,
DCC PLC,DCC.L,GBX,LSE,UK,FTSE100,Industrials,DCC.L,False,
Diageo PLC,DGE.L,GBX,LSE,UK,FTSE100,Consumer Staples,DGE.L,True,DEO
Diploma PLC,DPLM.L,GBX,LSE,UK,FTSE100,Industrials,DPLM.L,False,
EasyJet PLC,EZJ.L,GBX,LSE,UK,FTSE100,Airlines,EZJ.L,False,
Endeavour Mining PLC,EDV.L,GBX,LSE,UK,FTSE100,Mining,EDV.L,False,
Entain PLC,ENT.L,GBX,LSE,UK,FTSE100,Consumer Services,ENT.L,False,
Experian PLC,EXPN.L,GBX,LSE,UK,FTSE100,Technology,EXPN.L,True,EXPGY
F&C Investment Trust PLC,FCIT.L,GBX,LSE,UK,FTSE100,Investment Trust,FCIT.L,False,
Fresnillo PLC,FRES.L,GBX,LSE,UK,FTSE100,Mining,FRES.L,False,
Games Workshop Group PLC,GAW.L,GBX,LSE,UK,FTSE100,Consumer Services,GAW.L,False,
Glencore PLC,GLEN.L,GBX,LSE,UK,FTSE100,Mining,GLEN.L,True,GLNCY
GSK PLC,GSK.L,GBX,LSE,UK,FTSE100,Pharmaceuticals,GSK.L,True,GSK
Haleon PLC,HLN.L,GBX,LSE,UK,FTSE100,Consumer Healthcare,HLN.L,True,HLN
Halma PLC,HLMA.L,GBX,LSE,UK,FTSE100,Industrials,HLMA.L,False,
Hargreaves Lansdown PLC,HL.L,GBX,LSE,UK,FTSE100,Financial Services,HL.L,False,
Hikma Pharmaceuticals PLC,HIK.L,GBX,LSE,UK,FTSE100,Pharmaceuticals,HIK.L,False,
Hiscox Ltd,HSX.L,GBX,LSE,UK,FTSE100,Insurance,HSX.L,False,
Howden Joinery Group PLC,HWDN.L,GBX,LSE,UK,FTSE100,Consumer Services,HWDN.L,False,
HSBC Holdings PLC,HSBA.L,GBX,LSE,UK,FTSE100,Banking,HSBA.L,True,HSBC
IMI PLC,IMI.L,GBX,LSE,UK,FTSE100,Industrials,IMI.L,False,
Imperial Brands PLC,IMB.L,GBX,LSE,UK,FTSE100,Consumer Staples,IMB.L,True,IMBBY
Informa PLC,INF.L,GBX,LSE,UK,FTSE100,Media,INF.L,False,
InterContinental Hotels Group PLC,IHG.L,GBX,LSE,UK,FTSE100,Consumer Services,IHG.L,False,
Intermediate Capital Group PLC,ICG.L,GBX,LSE,UK,FTSE100,Financial Services,ICG.L,False,
Intertek Group PLC,ITRK.L,GBX,LSE,UK,FTSE100,Industrials,ITRK.L,False,
Intl Consolidated Airlines Group SA,IAG.L,GBX,LSE,UK,FTSE100,Airlines,IAG.L,False,
JD Sports Fashion PLC,JD.L,GBX,LSE,UK,FTSE100,Retail,JD.L,False,
Kingfisher PLC,KGF.L,GBX,LSE,UK,FTSE100,Retail,KGF.L,False,
Land Securities Group PLC,LAND.L,GBX,LSE,UK,FTSE100,Real Estate,LAND.L,False,
Legal & General Group PLC,LGEN.L,GBX,LSE,UK,FTSE100,Insurance,LGEN.L,False,
Lloyds Banking Group PLC,LLOY.L,GBX,LSE,UK,FTSE100,Banking,LLOY.L,False,
London Stock Exchange Group PLC,LSEG.L,GBX,LSE,UK,FTSE100,Financial Services,LSEG.L,False,
LondonMetric Property PLC,LMP.L,GBX,LSE,UK,FTSE100,Real Estate,LMP.L,False,
M&G PLC,MNG.L,GBX,LSE,UK,FTSE100,Financial Services,MNG.L,False,
Marks & Spencer Group PLC,MKS.L,GBX,LSE,UK,FTSE100,Retail,MKS.L,False,
Melrose Industries PLC,MRO.L,GBX,LSE,UK,FTSE100,Industrials,MRO.L,False,
Mondi PLC,MNDI.L,GBX,LSE,UK,FTSE100,Packaging,MNDI.L,False,
National Grid PLC,NG.L,GBX,LSE,UK,FTSE100,Utilities,NG.L,False,
NatWest Group PLC,NWG.L,GBX,LSE,UK,FTSE100,Banking,NWG.L,False,
Next PLC,NXT.L,GBX,LSE,UK,FTSE100,Retail,NXT.L,False,
Pearson PLC,PSON.L,GBX,LSE,UK,FTSE100,Media,PSON.L,False,
Pershing Square Holdings Ltd,PSH.L,GBX,LSE,UK,FTSE100,Investment Trust,PSH.L,False,
Persimmon PLC,PSN.L,GBX,LSE,UK,FTSE100,Housebuilding,PSN.L,False,
Phoenix Group Holdings PLC,PHNX.L,GBX,LSE,UK,FTSE100,Insurance,PHNX.L,False,
Prudential PLC,PRU.L,GBX,LSE,UK,FTSE100,Insurance,PRU.L,True,PUK
Reckitt Benckiser Group PLC,RKT.L,GBX,LSE,UK,FTSE100,Consumer Healthcare,RKT.L,True,RBGLY
RELX PLC,REL.L,GBX,LSE,UK,FTSE100,Technology,REL.L,True,RELX
Rentokil Initial PLC,RTO.L,GBX,LSE,UK,FTSE100,Industrials,RTO.L,False,
Rightmove PLC,RMV.L,GBX,LSE,UK,FTSE100,Technology,RMV.L,False,
Rio Tinto PLC,RIO.L,GBX,LSE,UK,FTSE100,Mining,RIO.L,True,RIO
Rolls-Royce Holdings PLC,RR.L,GBX,LSE,UK,FTSE100,Aerospace & Defence,RR.L,True,RYCEY
Sage Group PLC,SGE.L,GBX,LSE,UK,FTSE100,Technology,SGE.L,False,
J Sainsbury PLC,SBRY.L,GBX,LSE,UK,FTSE100,Retail,SBRY.L,True,JSAIY
Schroders PLC,SDR.L,GBX,LSE,UK,FTSE100,Financial Services,SDR.L,False,
Scottish Mortgage Investment Trust PLC,SMT.L,GBX,LSE,UK,FTSE100,Investment Trust,SMT.L,False,
Segro PLC,SGRO.L,GBX,LSE,UK,FTSE100,Real Estate,SGRO.L,False,
Severn Trent PLC,SVT.L,GBX,LSE,UK,FTSE100,Utilities,SVT.L,False,
Shell PLC,SHEL.L,GBX,LSE,UK,FTSE100,Energy,SHEL.L,True,SHEL
Smith & Nephew PLC,SN.L,GBX,LSE,UK,FTSE100,Healthcare,SN.L,False,
DS Smith PLC,SMDS.L,GBX,LSE,UK,FTSE100,Packaging,SMDS.L,False,
Smiths Group PLC,SMIN.L,GBX,LSE,UK,FTSE100,Industrials,SMIN.L,False,
Spirax Group PLC,SPX.L,GBX,LSE,UK,FTSE100,Industrials,SPX.L,False,
SSE PLC,SSE.L,GBX,LSE,UK,FTSE100,Utilities,SSE.L,False,
St James's Place PLC,STJ.L,GBX,LSE,UK,FTSE100,Financial Services,STJ.L,False,
Standard Chartered PLC,STAN.L,GBX,LSE,UK,FTSE100,Banking,STAN.L,True,SCBFY
Taylor Wimpey PLC,TW.L,GBX,LSE,UK,FTSE100,Housebuilding,TW.L,False,
Tesco PLC,TSCO.L,GBX,LSE,UK,FTSE100,Retail,TSCO.L,True,TSCDY
Unilever PLC,ULVR.L,GBX,LSE,UK,FTSE100,Consumer Staples,ULVR.L,True,UL
Unite Group PLC,UTG.L,GBX,LSE,UK,FTSE100,Real Estate,UTG.L,False,
United Utilities Group PLC,UU.L,GBX,LSE,UK,FTSE100,Utilities,UU.L,False,
Vodafone Group PLC,VOD.L,GBX,LSE,UK,FTSE100,Telecom,VOD.L,True,VOD
Weir Group PLC,WEIR.L,GBX,LSE,UK,FTSE100,Industrials,WEIR.L,False,
Whitbread PLC,WTB.L,GBX,LSE,UK,FTSE100,Consumer Services,WTB.L,False,
WPP PLC,WPP.L,GBX,LSE,UK,FTSE100,Media,WPP.L,False,
SAP SE,SAP.DE,EUR,XETRA,Germany,DAX40,Technology,SAP.DE,True,SAP
Siemens AG,SIE.DE,EUR,XETRA,Germany,DAX40,Industrials,SIE.DE,True,SIEGY
Allianz SE,ALV.DE,EUR,XETRA,Germany,DAX40,Insurance,ALV.DE,True,AZSEY
Deutsche Telekom AG,DTE.DE,EUR,XETRA,Germany,DAX40,Telecom,DTE.DE,True,DTEGY
BMW AG,BMW.DE,EUR,XETRA,Germany,DAX40,Automotive,BMW.DE,True,BMWYY
BASF SE,BAS.DE,EUR,XETRA,Germany,DAX40,Chemicals,BAS.DE,True,BASFY
Volkswagen AG,VOW3.DE,EUR,XETRA,Germany,DAX40,Automotive,VOW3.DE,True,VWAGY
Bayer AG,BAYN.DE,EUR,XETRA,Germany,DAX40,Pharmaceuticals,BAYN.DE,True,BAYRY
Mercedes-Benz Group AG,MBG.DE,EUR,XETRA,Germany,DAX40,Automotive,MBG.DE,True,MBGAF
Deutsche Bank AG,DBK.DE,EUR,XETRA,Germany,DAX40,Banking,DBK.DE,True,DB
Muenchener Rueckversicherungs AG,MUV2.DE,EUR,XETRA,Germany,DAX40,Insurance,MUV2.DE,True,MURGY
Infineon Technologies AG,IFX.DE,EUR,XETRA,Germany,DAX40,Technology,IFX.DE,True,IFNNY
Linde PLC,LIN.DE,EUR,XETRA,Germany,DAX40,Chemicals,LIN.DE,False,
Airbus SE,AIR.DE,EUR,XETRA,Germany,DAX40,Aerospace & Defence,AIR.DE,False,
Daimler Truck Holding AG,DTG.DE,EUR,XETRA,Germany,DAX40,Industrials,DTG.DE,False,
Deutsche Boerse AG,DB1.DE,EUR,XETRA,Germany,DAX40,Financial Services,DB1.DE,False,
E.ON SE,EOAN.DE,EUR,XETRA,Germany,DAX40,Utilities,EOAN.DE,False,
RWE AG,RWE.DE,EUR,XETRA,Germany,DAX40,Utilities,RWE.DE,False,
Commerzbank AG,CBK.DE,EUR,XETRA,Germany,DAX40,Banking,CBK.DE,False,
Hannover Rueck SE,HNR1.DE,EUR,XETRA,Germany,DAX40,Insurance,HNR1.DE,False,
Heidelberg Materials AG,HDMG.DE,EUR,XETRA,Germany,DAX40,Materials,HDMG.DE,False,
Merck KGaA,MRK.DE,EUR,XETRA,Germany,DAX40,Pharmaceuticals,MRK.DE,False,
MTU Aero Engines AG,MTX.DE,EUR,XETRA,Germany,DAX40,Aerospace & Defence,MTX.DE,False,
Porsche Automobil Holding SE,PAH3.DE,EUR,XETRA,Germany,DAX40,Automotive,PAH3.DE,False,
Rheinmetall AG,RHM.DE,EUR,XETRA,Germany,DAX40,Aerospace & Defence,RHM.DE,False,
Sartorius AG,SRT3.DE,EUR,XETRA,Germany,DAX40,Healthcare,SRT3.DE,False,
Siemens Energy AG,ENR.DE,EUR,XETRA,Germany,DAX40,Energy,ENR.DE,False,
Siemens Healthineers AG,SHL.DE,EUR,XETRA,Germany,DAX40,Healthcare,SHL.DE,False,
Vonovia SE,VNA.DE,EUR,XETRA,Germany,DAX40,Real Estate,VNA.DE,False,
Zalando SE,ZAL.DE,EUR,XETRA,Germany,DAX40,Retail,ZAL.DE,False,
LVMH Moet Hennessy Louis Vuitton SE,MC.PA,EUR,Euronext Paris,France,CAC40,Luxury,MC.PA,True,LVMHF
TotalEnergies SE,TTE.PA,EUR,Euronext Paris,France,CAC40,Energy,TTE.PA,True,TTE
Hermes International SCA,RMS.PA,EUR,Euronext Paris,France,CAC40,Luxury,RMS.PA,True,HESAY
Sanofi SA,SAN.PA,EUR,Euronext Paris,France,CAC40,Pharmaceuticals,SAN.PA,True,SNY
BNP Paribas SA,BNP.PA,EUR,Euronext Paris,France,CAC40,Banking,BNP.PA,True,BNPQY
Schneider Electric SE,SU.PA,EUR,Euronext Paris,France,CAC40,Industrials,SU.PA,False,
L'Oreal SA,OR.PA,EUR,Euronext Paris,France,CAC40,Consumer Staples,OR.PA,True,LRLCY
AXA SA,CS.PA,EUR,Euronext Paris,France,CAC40,Insurance,CS.PA,False,
EssilorLuxottica SA,EL.PA,EUR,Euronext Paris,France,CAC40,Healthcare,EL.PA,False,
Safran SA,SAF.PA,EUR,Euronext Paris,France,CAC40,Aerospace & Defence,SAF.PA,True,SAFRY
Air Liquide SA,AI.PA,EUR,Euronext Paris,France,CAC40,Chemicals,AI.PA,False,
Danone SA,BN.PA,EUR,Euronext Paris,France,CAC40,Consumer Staples,BN.PA,False,
Kering SA,KER.PA,EUR,Euronext Paris,France,CAC40,Luxury,KER.PA,True,PPRUY
Vinci SA,DG.PA,EUR,Euronext Paris,France,CAC40,Industrials,DG.PA,False,
Societe Generale SA,GLE.PA,EUR,Euronext Paris,France,CAC40,Banking,GLE.PA,True,SCGLY
Credit Agricole SA,ACA.PA,EUR,Euronext Paris,France,CAC40,Banking,ACA.PA,True,CRARY
Capgemini SE,CAP.PA,EUR,Euronext Paris,France,CAC40,Technology,CAP.PA,False,
Compagnie de Saint-Gobain SA,SGO.PA,EUR,Euronext Paris,France,CAC40,Materials,SGO.PA,False,
Dassault Systemes SE,DSY.PA,EUR,Euronext Paris,France,CAC40,Technology,DSY.PA,False,
Legrand SA,LR.PA,EUR,Euronext Paris,France,CAC40,Industrials,LR.PA,False,
Michelin SCA,ML.PA,EUR,Euronext Paris,France,CAC40,Automotive,ML.PA,False,
Pernod Ricard SA,RI.PA,EUR,Euronext Paris,France,CAC40,Consumer Staples,RI.PA,False,
Publicis Groupe SA,PUB.PA,EUR,Euronext Paris,France,CAC40,Media,PUB.PA,False,
Renault SA,RNO.PA,EUR,Euronext Paris,France,CAC40,Automotive,RNO.PA,False,
Stellantis NV,STLAM.PA,EUR,Euronext Paris,France,CAC40,Automotive,STLAM.PA,False,
STMicroelectronics NV,STM.PA,EUR,Euronext Paris,France,CAC40,Technology,STM.PA,False,
Teleperformance SE,TEP.PA,EUR,Euronext Paris,France,CAC40,Technology,TEP.PA,False,
Thales SA,HO.PA,EUR,Euronext Paris,France,CAC40,Aerospace & Defence,HO.PA,False,
Unibail-Rodamco-Westfield SE,URW.PA,EUR,Euronext Paris,France,CAC40,Real Estate,URW.PA,False,
Veolia Environnement SA,VIE.PA,EUR,Euronext Paris,France,CAC40,Utilities,VIE.PA,False,
ASML Holding NV,ASML.AS,EUR,Euronext Amsterdam,Netherlands,AEX25,Technology,ASML.AS,True,ASML
ING Groep NV,INGA.AS,EUR,Euronext Amsterdam,Netherlands,AEX25,Banking,INGA.AS,True,ING
Heineken NV,HEIA.AS,EUR,Euronext Amsterdam,Netherlands,AEX25,Consumer Staples,HEIA.AS,True,HEINY
Wolters Kluwer NV,WKL.AS,EUR,Euronext Amsterdam,Netherlands,AEX25,Technology,WKL.AS,False,
Philips NV,PHIA.AS,EUR,Euronext Amsterdam,Netherlands,AEX25,Healthcare,PHIA.AS,True,PHG
NN Group NV,NN.AS,EUR,Euronext Amsterdam,Netherlands,AEX25,Insurance,NN.AS,False,
Randstad NV,RAND.AS,EUR,Euronext Amsterdam,Netherlands,AEX25,Industrials,RAND.AS,False,
ABN AMRO Bank NV,ABN.AS,EUR,Euronext Amsterdam,Netherlands,AEX25,Banking,ABN.AS,False,
Aegon NV,AGN.AS,EUR,Euronext Amsterdam,Netherlands,AEX25,Insurance,AGN.AS,False,
Adyen NV,ADYEN.AS,EUR,Euronext Amsterdam,Netherlands,AEX25,Technology,ADYEN.AS,False,
Akzo Nobel NV,AKZA.AS,EUR,Euronext Amsterdam,Netherlands,AEX25,Chemicals,AKZA.AS,False,
ArcelorMittal SA,MT.AS,EUR,Euronext Amsterdam,Netherlands,AEX25,Materials,MT.AS,True,MT
ASM International NV,ASMI.AS,EUR,Euronext Amsterdam,Netherlands,AEX25,Technology,ASMI.AS,False,
BE Semiconductor Industries NV,BESI.AS,EUR,Euronext Amsterdam,Netherlands,AEX25,Technology,BESI.AS,False,
DSM-Firmenich AG,DSFIR.AS,EUR,Euronext Amsterdam,Netherlands,AEX25,Chemicals,DSFIR.AS,False,
Nestle SA,NESN.SW,CHF,SIX,Switzerland,SMI20,Consumer Staples,NESN.SW,True,NSRGY
Novartis AG,NOVN.SW,CHF,SIX,Switzerland,SMI20,Pharmaceuticals,NOVN.SW,True,NVS
Roche Holding AG,ROG.SW,CHF,SIX,Switzerland,SMI20,Pharmaceuticals,ROG.SW,True,RHHBY
ABB Ltd,ABBN.SW,CHF,SIX,Switzerland,SMI20,Industrials,ABBN.SW,True,ABBNY
Zurich Insurance Group AG,ZURN.SW,CHF,SIX,Switzerland,SMI20,Insurance,ZURN.SW,True,ZURVY
Cie Financiere Richemont SA,CFR.SW,CHF,SIX,Switzerland,SMI20,Luxury,CFR.SW,False,
Lonza Group AG,LONN.SW,CHF,SIX,Switzerland,SMI20,Pharmaceuticals,LONN.SW,True,LZAGY
UBS Group AG,UBSG.SW,CHF,SIX,Switzerland,SMI20,Banking,UBSG.SW,True,UBS
Swiss Re AG,SREN.SW,CHF,SIX,Switzerland,SMI20,Insurance,SREN.SW,True,SSREY
Holcim Ltd,HOLN.SW,CHF,SIX,Switzerland,SMI20,Materials,HOLN.SW,False,
Geberit AG,GEBN.SW,CHF,SIX,Switzerland,SMI20,Industrials,GEBN.SW,False,
Givaudan SA,GIVN.SW,CHF,SIX,Switzerland,SMI20,Chemicals,GIVN.SW,False,
Kuehne + Nagel International AG,KNIN.SW,CHF,SIX,Switzerland,SMI20,Industrials,KNIN.SW,False,
Partners Group Holding AG,PGHN.SW,CHF,SIX,Switzerland,SMI20,Financial Services,PGHN.SW,False,
Sika AG,SIKA.SW,CHF,SIX,Switzerland,SMI20,Chemicals,SIKA.SW,False,
Atlas Copco AB,ATCO-A.ST,SEK,OMX Stockholm,Sweden,OMX30,Industrials,ATCO-A.ST,True,ATLKY
Investor AB,INVE-B.ST,SEK,OMX Stockholm,Sweden,OMX30,Financial Services,INVE-B.ST,False,
Volvo AB,VOLV-B.ST,SEK,OMX Stockholm,Sweden,OMX30,Industrials,VOLV-B.ST,True,VLVLY
Telefonaktiebolaget LM Ericsson,ERIC-B.ST,SEK,OMX Stockholm,Sweden,OMX30,Technology,ERIC-B.ST,True,ERIC
H & M Hennes & Mauritz AB,HM-B.ST,SEK,OMX Stockholm,Sweden,OMX30,Retail,HM-B.ST,True,HNNMY
Nordea Bank Abp,NDA-SE.ST,SEK,OMX Stockholm,Sweden,OMX30,Banking,NDA-SE.ST,True,NDA
Sandvik AB,SAND.ST,SEK,OMX Stockholm,Sweden,OMX30,Industrials,SAND.ST,False,
Hexagon AB,HEXA-B.ST,SEK,OMX Stockholm,Sweden,OMX30,Technology,HEXA-B.ST,False,
Alfa Laval AB,ALFA.ST,SEK,OMX Stockholm,Sweden,OMX30,Industrials,ALFA.ST,False,
Svenska Handelsbanken AB,SHB-A.ST,SEK,OMX Stockholm,Sweden,OMX30,Banking,SHB-A.ST,False,
Essity AB,ESSITY-B.ST,SEK,OMX Stockholm,Sweden,OMX30,Consumer Staples,ESSITY-B.ST,False,
Evolution AB,EVO.ST,SEK,OMX Stockholm,Sweden,OMX30,Technology,EVO.ST,False,
Getinge AB,GETI-B.ST,SEK,OMX Stockholm,Sweden,OMX30,Healthcare,GETI-B.ST,False,
Industrivarden AB,INDU-A.ST,SEK,OMX Stockholm,Sweden,OMX30,Financial Services,INDU-A.ST,False,
SKF AB,SKF-B.ST,SEK,OMX Stockholm,Sweden,OMX30,Industrials,SKF-B.ST,False,
Swedbank AB,SWED-A.ST,SEK,OMX Stockholm,Sweden,OMX30,Banking,SWED-A.ST,False,
Tele2 AB,TEL2-B.ST,SEK,OMX Stockholm,Sweden,OMX30,Telecom,TEL2-B.ST,False,
Volvo Cars AB,VOLCAR-B.ST,SEK,OMX Stockholm,Sweden,OMX30,Automotive,VOLCAR-B.ST,False,
Enel SpA,ENEL.MI,EUR,Borsa Italiana,Italy,FTSEMIB,Utilities,ENEL.MI,True,ENLAY
ENI SpA,ENI.MI,EUR,Borsa Italiana,Italy,FTSEMIB,Energy,ENI.MI,True,E
Intesa Sanpaolo SpA,ISP.MI,EUR,Borsa Italiana,Italy,FTSEMIB,Banking,ISP.MI,True,ISNPY
UniCredit SpA,UCG.MI,EUR,Borsa Italiana,Italy,FTSEMIB,Banking,UCG.MI,True,UNCRY
Ferrari NV,RACE.MI,EUR,Borsa Italiana,Italy,FTSEMIB,Automotive,RACE.MI,True,RACE
Assicurazioni Generali SpA,G.MI,EUR,Borsa Italiana,Italy,FTSEMIB,Insurance,G.MI,True,ARZGY
Leonardo SpA,LDO.MI,EUR,Borsa Italiana,Italy,FTSEMIB,Aerospace & Defence,LDO.MI,False,
Prysmian SpA,PRY.MI,EUR,Borsa Italiana,Italy,FTSEMIB,Industrials,PRY.MI,False,
Moncler SpA,MONC.MI,EUR,Borsa Italiana,Italy,FTSEMIB,Luxury,MONC.MI,False,
Mediobanca SpA,MB.MI,EUR,Borsa Italiana,Italy,FTSEMIB,Banking,MB.MI,False,
Banco BPM SpA,BAMI.MI,EUR,Borsa Italiana,Italy,FTSEMIB,Banking,BAMI.MI,False,
BPER Banca SpA,BPE.MI,EUR,Borsa Italiana,Italy,FTSEMIB,Banking,BPE.MI,False,
Davide Campari-Milano NV,CPR.MI,EUR,Borsa Italiana,Italy,FTSEMIB,Consumer Staples,CPR.MI,False,
DiaSorin SpA,DIA.MI,EUR,Borsa Italiana,Italy,FTSEMIB,Healthcare,DIA.MI,False,
Italgas SpA,IG.MI,EUR,Borsa Italiana,Italy,FTSEMIB,Utilities,IG.MI,False,
Nexi SpA,NEXI.MI,EUR,Borsa Italiana,Italy,FTSEMIB,Technology,NEXI.MI,False,
Recordati SpA,REC.MI,EUR,Borsa Italiana,Italy,FTSEMIB,Pharmaceuticals,REC.MI,False,
Saipem SpA,SPM.MI,EUR,Borsa Italiana,Italy,FTSEMIB,Energy,SPM.MI,False,
Snam SpA,SRG.MI,EUR,Borsa Italiana,Italy,FTSEMIB,Utilities,SRG.MI,False,
Telecom Italia SpA,TIT.MI,EUR,Borsa Italiana,Italy,FTSEMIB,Telecom,TIT.MI,False,
Inditex SA,ITX.MC,EUR,BME,Spain,IBEX35,Retail,ITX.MC,False,
Banco Santander SA,SAN.MC,EUR,BME,Spain,IBEX35,Banking,SAN.MC,True,SAN
BBVA SA,BBVA.MC,EUR,BME,Spain,IBEX35,Banking,BBVA.MC,True,BBVA
Iberdrola SA,IBE.MC,EUR,BME,Spain,IBEX35,Utilities,IBE.MC,True,IBDRY
CaixaBank SA,CABK.MC,EUR,BME,Spain,IBEX35,Banking,CABK.MC,False,
Telefonica SA,TEF.MC,EUR,BME,Spain,IBEX35,Telecom,TEF.MC,True,TEF
Amadeus IT Group SA,AMS.MC,EUR,BME,Spain,IBEX35,Technology,AMS.MC,False,
Repsol SA,REP.MC,EUR,BME,Spain,IBEX35,Energy,REP.MC,False,
Ferrovial SE,FER.MC,EUR,BME,Spain,IBEX35,Industrials,FER.MC,False,
ACS Actividades de Construccion,ACS.MC,EUR,BME,Spain,IBEX35,Industrials,ACS.MC,False,
Acciona SA,ANA.MC,EUR,BME,Spain,IBEX35,Utilities,ANA.MC,False,
Aena SME SA,AENA.MC,EUR,BME,Spain,IBEX35,Industrials,AENA.MC,False,
ArcelorMittal SA,MTS.MC,EUR,BME,Spain,IBEX35,Materials,MTS.MC,False,
Bankinter SA,BKT.MC,EUR,BME,Spain,IBEX35,Banking,BKT.MC,False,
Colonial Inmobiliaria SA,COL.MC,EUR,BME,Spain,IBEX35,Real Estate,COL.MC,False,
Novo Nordisk A/S,NOVO-B.CO,DKK,OMX Copenhagen,Denmark,OMX25,Pharmaceuticals,NOVO-B.CO,True,NVO
Vestas Wind Systems A/S,VWS.CO,DKK,OMX Copenhagen,Denmark,OMX25,Energy,VWS.CO,False,
Orsted A/S,ORSTED.CO,DKK,OMX Copenhagen,Denmark,OMX25,Utilities,ORSTED.CO,False,
A.P. Moller Maersk A/S,MAERSK-B.CO,DKK,OMX Copenhagen,Denmark,OMX25,Industrials,MAERSK-B.CO,True,AMKBY
DSV A/S,DSV.CO,DKK,OMX Copenhagen,Denmark,OMX25,Industrials,DSV.CO,True,DSDVY
Coloplast A/S,COLO-B.CO,DKK,OMX Copenhagen,Denmark,OMX25,Healthcare,COLO-B.CO,False,
Demant A/S,DEMANT.CO,DKK,OMX Copenhagen,Denmark,OMX25,Healthcare,DEMANT.CO,False,
GN Store Nord A/S,GN.CO,DKK,OMX Copenhagen,Denmark,OMX25,Technology,GN.CO,False,
Genmab A/S,GMAB.CO,DKK,OMX Copenhagen,Denmark,OMX25,Pharmaceuticals,GMAB.CO,True,GMAB
Tryg A/S,TRYG.CO,DKK,OMX Copenhagen,Denmark,OMX25,Insurance,TRYG.CO,False,
Equinor ASA,EQNR.OL,NOK,Oslo Bors,Norway,OBX25,Energy,EQNR.OL,True,EQNR
Norsk Hydro ASA,NHY.OL,NOK,Oslo Bors,Norway,OBX25,Materials,NHY.OL,True,NHYDY
Telenor ASA,TEL.OL,NOK,Oslo Bors,Norway,OBX25,Telecom,TEL.OL,True,TELNF
DNB Bank ASA,DNB.OL,NOK,Oslo Bors,Norway,OBX25,Banking,DNB.OL,False,
Mowi ASA,MOWI.OL,NOK,Oslo Bors,Norway,OBX25,Consumer Staples,MOWI.OL,False,
Aker BP ASA,AKRBP.OL,NOK,Oslo Bors,Norway,OBX25,Energy,AKRBP.OL,False,
Kongsberg Gruppen ASA,KOG.OL,NOK,Oslo Bors,Norway,OBX25,Aerospace & Defence,KOG.OL,False,
Salmar ASA,SALM.OL,NOK,Oslo Bors,Norway,OBX25,Consumer Staples,SALM.OL,False,
Schibsted ASA,SCHB.OL,NOK,Oslo Bors,Norway,OBX25,Media,SCHB.OL,False,
Storebrand ASA,STB.OL,NOK,Oslo Bors,Norway,OBX25,Insurance,STB.OL,False,
Nokia Oyj,NOKIA.HE,EUR,OMX Helsinki,Finland,OMX25FI,Technology,NOKIA.HE,False,
Kone Oyj,KNEBV.HE,EUR,OMX Helsinki,Finland,OMX25FI,Industrials,KNEBV.HE,False,
Sampo Oyj,SAMPO.HE,EUR,OMX Helsinki,Finland,OMX25FI,Insurance,SAMPO.HE,False,
Neste Oyj,NESTE.HE,EUR,OMX Helsinki,Finland,OMX25FI,Energy,NESTE.HE,False,
Metso Oyj,METSO.HE,EUR,OMX Helsinki,Finland,OMX25FI,Industrials,METSO.HE,False,
Fortum Oyj,FORTUM.HE,EUR,OMX Helsinki,Finland,OMX25FI,Utilities,FORTUM.HE,False,
Kesko Oyj,KESKOV.HE,EUR,OMX Helsinki,Finland,OMX25FI,Retail,KESKOV.HE,False,
Outokumpu Oyj,OUT1V.HE,EUR,OMX Helsinki,Finland,OMX25FI,Materials,OUT1V.HE,False,
Stora Enso Oyj,STERV.HE,EUR,OMX Helsinki,Finland,OMX25FI,Materials,STERV.HE,False,
UPM-Kymmene Oyj,UPM.HE,EUR,OMX Helsinki,Finland,OMX25FI,Materials,UPM.HE,False,
Anheuser-Busch InBev SA,ABI.BR,EUR,Euronext Brussels,Belgium,BEL20,Consumer Staples,ABI.BR,True,BUD
KBC Group NV,KBC.BR,EUR,Euronext Brussels,Belgium,BEL20,Banking,KBC.BR,True,KBCSY
UCB SA,UCB.BR,EUR,Euronext Brussels,Belgium,BEL20,Pharmaceuticals,UCB.BR,True,UCBJY
Solvay SA,SOLB.BR,EUR,Euronext Brussels,Belgium,BEL20,Chemicals,SOLB.BR,False,
Ageas SA,AGS.BR,EUR,Euronext Brussels,Belgium,BEL20,Insurance,AGS.BR,False,
Colruyt Group NV,COLR.BR,EUR,Euronext Brussels,Belgium,BEL20,Retail,COLR.BR,False,
Elia Group SA,ELI.BR,EUR,Euronext Brussels,Belgium,BEL20,Utilities,ELI.BR,False,
Proximus PLC,PROX.BR,EUR,Euronext Brussels,Belgium,BEL20,Telecom,PROX.BR,False,
Sofina SA,SOF.BR,EUR,Euronext Brussels,Belgium,BEL20,Financial Services,SOF.BR,False,
Umicore SA,UMI.BR,EUR,Euronext Brussels,Belgium,BEL20,Materials,UMI.BR,False,
EDP - Energias de Portugal SA,EDP.LS,EUR,Euronext Lisbon,Portugal,PSI20,Utilities,EDP.LS,False,
Galp Energia SGPS SA,GALP.LS,EUR,Euronext Lisbon,Portugal,PSI20,Energy,GALP.LS,False,
Jeronimo Martins SGPS SA,JMT.LS,EUR,Euronext Lisbon,Portugal,PSI20,Retail,JMT.LS,False,
Banco Comercial Portugues SA,BCP.LS,EUR,Euronext Lisbon,Portugal,PSI20,Banking,BCP.LS,False,
Sonae SGPS SA,SON.LS,EUR,Euronext Lisbon,Portugal,PSI20,Retail,SON.LS,False,
NOS SGPS SA,NOS.LS,EUR,Euronext Lisbon,Portugal,PSI20,Telecom,NOS.LS,False,
REN - Redes Energeticas Nacionais SA,RENE.LS,EUR,Euronext Lisbon,Portugal,PSI20,Utilities,RENE.LS,False,
The Navigator Company SA,NVG.LS,EUR,Euronext Lisbon,Portugal,PSI20,Materials,NVG.LS,False,
Corticeira Amorim SGPS SA,COR.LS,EUR,Euronext Lisbon,Portugal,PSI20,Materials,COR.LS,False,
Semapa SA,SEM.LS,EUR,Euronext Lisbon,Portugal,PSI20,Industrials,SEM.LS,False,
OMV AG,OMV.VI,EUR,Vienna Stock Exchange,Austria,ATX20,Energy,OMV.VI,False,
Verbund AG,VER.VI,EUR,Vienna Stock Exchange,Austria,ATX20,Utilities,VER.VI,False,
Erste Group Bank AG,EBS.VI,EUR,Vienna Stock Exchange,Austria,ATX20,Banking,EBS.VI,False,
Raiffeisen Bank International AG,RBI.VI,EUR,Vienna Stock Exchange,Austria,ATX20,Banking,RBI.VI,False,
Andritz AG,ANDR.VI,EUR,Vienna Stock Exchange,Austria,ATX20,Industrials,ANDR.VI,False,
voestalpine AG,VOE.VI,EUR,Vienna Stock Exchange,Austria,ATX20,Materials,VOE.VI,False,
Vienna Insurance Group AG,VIG.VI,EUR,Vienna Stock Exchange,Austria,ATX20,Insurance,VIG.VI,False,
Oesterreichische Post AG,POST.VI,EUR,Vienna Stock Exchange,Austria,ATX20,Industrials,POST.VI,False,
EVN AG,EVN.VI,EUR,Vienna Stock Exchange,Austria,ATX20,Utilities,EVN.VI,False,
Frequentis AG,FQT.VI,EUR,Vienna Stock Exchange,Austria,ATX20,Technology,FQT.VI,False,
PKN Orlen SA,PKN.WA,PLN,Warsaw Stock Exchange,Poland,WIG20,Energy,PKN.WA,False,
PKO Bank Polski SA,PKO.WA,PLN,Warsaw Stock Exchange,Poland,WIG20,Banking,PKO.WA,False,
Bank Pekao SA,PEO.WA,PLN,Warsaw Stock Exchange,Poland,WIG20,Banking,PEO.WA,False,
KGHM Polska Miedz SA,KGH.WA,PLN,Warsaw Stock Exchange,Poland,WIG20,Mining,KGH.WA,False,
Allegro.eu SA,ALE.WA,PLN,Warsaw Stock Exchange,Poland,WIG20,Retail,ALE.WA,False,
Dino Polska SA,DNP.WA,PLN,Warsaw Stock Exchange,Poland,WIG20,Retail,DNP.WA,False,
LPP SA,LPP.WA,PLN,Warsaw Stock Exchange,Poland,WIG20,Retail,LPP.WA,False,
Santander Bank Polska SA,SPL.WA,PLN,Warsaw Stock Exchange,Poland,WIG20,Banking,SPL.WA,False,
mBank SA,MBK.WA,PLN,Warsaw Stock Exchange,Poland,WIG20,Banking,MBK.WA,False,
PZU SA,PZU.WA,PLN,Warsaw Stock Exchange,Poland,WIG20,Insurance,PZU.WA,False,
CD Projekt SA,CDR.WA,PLN,Warsaw Stock Exchange,Poland,WIG20,Technology,CDR.WA,False,
PGE Polska Grupa Energetyczna SA,PGE.WA,PLN,Warsaw Stock Exchange,Poland,WIG20,Utilities,PGE.WA,False,
Cyfrowy Polsat SA,CPS.WA,PLN,Warsaw Stock Exchange,Poland,WIG20,Media,CPS.WA,False,
Orange Polska SA,OPL.WA,PLN,Warsaw Stock Exchange,Poland,WIG20,Telecom,OPL.WA,False,
Asseco Poland SA,APC.WA,PLN,Warsaw Stock Exchange,Poland,WIG20,Technology,APC.WA,False,
National Bank of Greece SA,ETE.AT,EUR,Athens Stock Exchange,Greece,ATHEX25,Banking,ETE.AT,False,
Alpha Services and Holdings SA,ALPHA.AT,EUR,Athens Stock Exchange,Greece,ATHEX25,Banking,ALPHA.AT,False,
Piraeus Financial Holdings SA,TPEIR.AT,EUR,Athens Stock Exchange,Greece,ATHEX25,Banking,TPEIR.AT,False,
Eurobank Ergasias Services SA,EUROB.AT,EUR,Athens Stock Exchange,Greece,ATHEX25,Banking,EUROB.AT,False,
Mytilineos Holdings SA,MYTIL.AT,EUR,Athens Stock Exchange,Greece,ATHEX25,Industrials,MYTIL.AT,False,
Motor Oil Hellas SA,MOH.AT,EUR,Athens Stock Exchange,Greece,ATHEX25,Energy,MOH.AT,False,
Hellenic Petroleum SA,ELPE.AT,EUR,Athens Stock Exchange,Greece,ATHEX25,Energy,ELPE.AT,False,
OTE SA,OTE.AT,EUR,Athens Stock Exchange,Greece,ATHEX25,Telecom,OTE.AT,False,
OPAP SA,OPAP.AT,EUR,Athens Stock Exchange,Greece,ATHEX25,Consumer Services,OPAP.AT,False,
Titan Cement International SA,TITC.AT,EUR,Athens Stock Exchange,Greece,ATHEX25,Materials,TITC.AT,False,
Public Power Corporation SA,PPC.AT,EUR,Athens Stock Exchange,Greece,ATHEX25,Utilities,PPC.AT,False,
Jumbo SA,BELA.AT,EUR,Athens Stock Exchange,Greece,ATHEX25,Retail,BELA.AT,False,
CEZ AS,CEZ.PR,CZK,Prague Stock Exchange,Czech Republic,PX14,Utilities,CEZ.PR,False,
Komercni Banka AS,KOMB.PR,CZK,Prague Stock Exchange,Czech Republic,PX14,Banking,KOMB.PR,False,
O2 Czech Republic AS,TELEC.PR,CZK,Prague Stock Exchange,Czech Republic,PX14,Telecom,TELEC.PR,False,
Moneta Money Bank AS,MONET.PR,CZK,Prague Stock Exchange,Czech Republic,PX14,Banking,MONET.PR,False,
Philip Morris CR AS,TABAK.PR,CZK,Prague Stock Exchange,Czech Republic,PX14,Consumer Staples,TABAK.PR,False,
OTP Bank Nyrt,OTP.BD,HUF,Budapest Stock Exchange,Hungary,BUX,Banking,OTP.BD,False,
MOL Magyar Olaj-es Gazipari Nyrt,MOL.BD,HUF,Budapest Stock Exchange,Hungary,BUX,Energy,MOL.BD,False,
Gedeon Richter Nyrt,RICHTER.BD,HUF,Budapest Stock Exchange,Hungary,BUX,Pharmaceuticals,RICHTER.BD,False,
Magyar Telekom Nyrt,MTELEKOM.BD,HUF,Budapest Stock Exchange,Hungary,BUX,Telecom,MTELEKOM.BD,False,
Opus Global Nyrt,OPUS.BD,HUF,Budapest Stock Exchange,Hungary,BUX,Industrials,OPUS.BD,False,
Banca Transilvania SA,TLV.RO,RON,Bucharest Stock Exchange,Romania,BET10,Banking,TLV.RO,False,
OMV Petrom SA,SNP.RO,RON,Bucharest Stock Exchange,Romania,BET10,Energy,SNP.RO,False,
Romgaz SA,SNG.RO,RON,Bucharest Stock Exchange,Romania,BET10,Energy,SNG.RO,False,
Transgaz SA,TGN.RO,RON,Bucharest Stock Exchange,Romania,BET10,Utilities,TGN.RO,False,
Transelectrica SA,TEL.RO,RON,Bucharest Stock Exchange,Romania,BET10,Utilities,TEL.RO,False,
BRD - Groupe Societe Generale SA,BRD.RO,RON,Bucharest Stock Exchange,Romania,BET10,Banking,BRD.RO,False,
Electrica SA,EL.RO,RON,Bucharest Stock Exchange,Romania,BET10,Utilities,EL.RO,False,
MedLife SA,M.RO,RON,Bucharest Stock Exchange,Romania,BET10,Healthcare,M.RO,False,
Garanti BBVA AS,GARAN.IS,TRY,Borsa Istanbul,Turkey,BIST30,Banking,GARAN.IS,True,TKGBY
Akbank TAS,AKBNK.IS,TRY,Borsa Istanbul,Turkey,BIST30,Banking,AKBNK.IS,True,AKBTY
Turkiye Is Bankasi AS,ISCTR.IS,TRY,Borsa Istanbul,Turkey,BIST30,Banking,ISCTR.IS,False,
Yapi ve Kredi Bankasi AS,YKBNK.IS,TRY,Borsa Istanbul,Turkey,BIST30,Banking,YKBNK.IS,False,
Halkbank AS,HALKB.IS,TRY,Borsa Istanbul,Turkey,BIST30,Banking,HALKB.IS,False,
Vakifbank AS,VAKBN.IS,TRY,Borsa Istanbul,Turkey,BIST30,Banking,VAKBN.IS,False,
Turkcell Iletisim Hizmetleri AS,TCELL.IS,TRY,Borsa Istanbul,Turkey,BIST30,Telecom,TCELL.IS,True,TKC
Turk Telekomunikasyon AS,TTKOM.IS,TRY,Borsa Istanbul,Turkey,BIST30,Telecom,TTKOM.IS,False,
BIM Birlesik Magazalar AS,BIMAS.IS,TRY,Borsa Istanbul,Turkey,BIST30,Retail,BIMAS.IS,False,
Koc Holding AS,KCHOL.IS,TRY,Borsa Istanbul,Turkey,BIST30,Financial Services,KCHOL.IS,False,
Sabanci Holding AS,SAHOL.IS,TRY,Borsa Istanbul,Turkey,BIST30,Financial Services,SAHOL.IS,False,
Eregli Demir ve Celik Fabrikalari AS,EREGL.IS,TRY,Borsa Istanbul,Turkey,BIST30,Materials,EREGL.IS,False,
Turk Hava Yollari AS,THYAO.IS,TRY,Borsa Istanbul,Turkey,BIST30,Airlines,THYAO.IS,True,TKHVY
Aselsan Elektronik Sanayi ve Tic AS,ASELS.IS,TRY,Borsa Istanbul,Turkey,BIST30,Aerospace & Defence,ASELS.IS,False,
Arcelik AS,ARCLK.IS,TRY,Borsa Istanbul,Turkey,BIST30,Consumer Staples,ARCLK.IS,False,
Ford Otomotiv Sanayi AS,FROTO.IS,TRY,Borsa Istanbul,Turkey,BIST30,Automotive,FROTO.IS,False,
Tupras Turkiye Petrol Rafinerileri AS,TUPRS.IS,TRY,Borsa Istanbul,Turkey,BIST30,Energy,TUPRS.IS,False,
Enerjisa Enerji AS,ENJSA.IS,TRY,Borsa Istanbul,Turkey,BIST30,Utilities,ENJSA.IS,False,
Emlak Konut GYO AS,EKGYO.IS,TRY,Borsa Istanbul,Turkey,BIST30,Real Estate,EKGYO.IS,False,
Migros Ticaret AS,MGROS.IS,TRY,Borsa Istanbul,Turkey,BIST30,Retail,MGROS.IS,False,
Sise ve Cam Fabrikalari AS,SISE.IS,TRY,Borsa Istanbul,Turkey,BIST30,Materials,SISE.IS,False,
TAV Havalimanlari Holding AS,TAVHL.IS,TRY,Borsa Istanbul,Turkey,BIST30,Industrials,TAVHL.IS,False,
Torunlar GYO AS,TRGYO.IS,TRY,Borsa Istanbul,Turkey,BIST30,Real Estate,TRGYO.IS,False,
Petkim Petrokimya Holding AS,PETKM.IS,TRY,Borsa Istanbul,Turkey,BIST30,Chemicals,PETKM.IS,False,
Zorlu Enerji Elektrik Uretim AS,ZOREN.IS,TRY,Borsa Istanbul,Turkey,BIST30,Utilities,ZOREN.IS,False,
Saudi Arabian Oil Co (Aramco),2222.SR,SAR,Saudi Exchange,Saudi Arabia,TASI30,Energy,2222.SR,True,ARMCO
Al Rajhi Banking & Investment Corp,1120.SR,SAR,Saudi Exchange,Saudi Arabia,TASI30,Banking,1120.SR,False,
Saudi National Bank,1180.SR,SAR,Saudi Exchange,Saudi Arabia,TASI30,Banking,1180.SR,False,
Saudi Basic Industries Corp (SABIC),2010.SR,SAR,Saudi Exchange,Saudi Arabia,TASI30,Chemicals,2010.SR,False,
Saudi Telecom Company (STC),7010.SR,SAR,Saudi Exchange,Saudi Arabia,TASI30,Telecom,7010.SR,False,
Riyad Bank,1010.SR,SAR,Saudi Exchange,Saudi Arabia,TASI30,Banking,1010.SR,False,
Saudi British Bank (SABB),1060.SR,SAR,Saudi Exchange,Saudi Arabia,TASI30,Banking,1060.SR,False,
Banque Saudi Fransi,1050.SR,SAR,Saudi Exchange,Saudi Arabia,TASI30,Banking,1050.SR,False,
Arab National Bank,1080.SR,SAR,Saudi Exchange,Saudi Arabia,TASI30,Banking,1080.SR,False,
Alinma Bank,1150.SR,SAR,Saudi Exchange,Saudi Arabia,TASI30,Banking,1150.SR,False,
Saudi Electricity Company,5110.SR,SAR,Saudi Exchange,Saudi Arabia,TASI30,Utilities,5110.SR,False,
Saudi Arabian Mining Co (Maaden),1211.SR,SAR,Saudi Exchange,Saudi Arabia,TASI30,Mining,1211.SR,False,
ACWA Power Company,2082.SR,SAR,Saudi Exchange,Saudi Arabia,TASI30,Utilities,2082.SR,False,
Dr Sulaiman Al Habib Medical,4013.SR,SAR,Saudi Exchange,Saudi Arabia,TASI30,Healthcare,4013.SR,False,
Jarir Marketing Company,4190.SR,SAR,Saudi Exchange,Saudi Arabia,TASI30,Retail,4190.SR,False,
Etihad Etisalat (Mobily),7020.SR,SAR,Saudi Exchange,Saudi Arabia,TASI30,Telecom,7020.SR,False,
Saudi Kayan Petrochemical Company,2350.SR,SAR,Saudi Exchange,Saudi Arabia,TASI30,Chemicals,2350.SR,False,
Yanbu National Petrochemical (Yansab),2290.SR,SAR,Saudi Exchange,Saudi Arabia,TASI30,Chemicals,2290.SR,False,
Advanced Petrochemical Company,1310.SR,SAR,Saudi Exchange,Saudi Arabia,TASI30,Chemicals,1310.SR,False,
Savola Group,2050.SR,SAR,Saudi Exchange,Saudi Arabia,TASI30,Consumer Staples,2050.SR,False,
Kingdom Holding Company,4280.SR,SAR,Saudi Exchange,Saudi Arabia,TASI30,Financial Services,4280.SR,False,
Aldar Properties (Saudi listed),4300.SR,SAR,Saudi Exchange,Saudi Arabia,TASI30,Real Estate,4300.SR,False,
Saudi Airlines Catering,6004.SR,SAR,Saudi Exchange,Saudi Arabia,TASI30,Consumer Services,6004.SR,False,
Al Marai Company,2280.SR,SAR,Saudi Exchange,Saudi Arabia,TASI30,Consumer Staples,2280.SR,False,
Bupa Arabia,8210.SR,SAR,Saudi Exchange,Saudi Arabia,TASI30,Insurance,8210.SR,False,
First Abu Dhabi Bank PJSC,FAB.AD,AED,ADX,UAE,ADX10,Banking,FAB.AD,False,
Abu Dhabi Commercial Bank PJSC,ADCB.AD,AED,ADX,UAE,ADX10,Banking,ADCB.AD,False,
e& (Etisalat),ETISALAT.AD,AED,ADX,UAE,ADX10,Telecom,ETISALAT.AD,True,ETISALAT
Abu Dhabi National Energy Co (TAQA),TAQA.AD,AED,ADX,UAE,ADX10,Energy,TAQA.AD,False,
ADNOC Distribution,ADNOCDIST.AD,AED,ADX,UAE,ADX10,Energy,ADNOCDIST.AD,False,
Abu Dhabi Islamic Bank PJSC,ADIB.AD,AED,ADX,UAE,ADX10,Banking,ADIB.AD,False,
Aldar Properties PJSC,ALDAR.AD,AED,ADX,UAE,ADX10,Real Estate,ALDAR.AD,False,
International Holding Company PJSC,IHC.AD,AED,ADX,UAE,ADX10,Financial Services,IHC.AD,False,
Emirates NBD Bank PJSC,EMIRATES.DU,AED,DFM,UAE,DFM10,Banking,EMIRATES.DU,False,
Emaar Properties PJSC,EMAAR.DU,AED,DFM,UAE,DFM10,Real Estate,EMAAR.DU,False,
Dubai Islamic Bank PJSC,DIB.DU,AED,DFM,UAE,DFM10,Banking,DIB.DU,False,
Dubai Electricity & Water Authority,DEWA.DU,AED,DFM,UAE,DFM10,Utilities,DEWA.DU,False,
Air Arabia PJSC,AIRARABI.DU,AED,DFM,UAE,DFM10,Airlines,AIRARABI.DU,False,
Emaar Development PJSC,EMAARDEV.DU,AED,DFM,UAE,DFM10,Real Estate,EMAARDEV.DU,False,
Salik Company PJSC,SALIK.DU,AED,DFM,UAE,DFM10,Industrials,SALIK.DU,False,
Qatar National Bank SAQ,QNBK.QA,QAR,Qatar Stock Exchange,Qatar,QE20,Banking,QNBK.QA,False,
Qatar Islamic Bank SAQ,QIBK.QA,QAR,Qatar Stock Exchange,Qatar,QE20,Banking,QIBK.QA,False,
Industries Qatar QSC,IQCD.QA,QAR,Qatar Stock Exchange,Qatar,QE20,Industrials,IQCD.QA,False,
Qatar Electricity & Water Co QSC,QEWS.QA,QAR,Qatar Stock Exchange,Qatar,QE20,Utilities,QEWS.QA,False,
Commercial Bank PSQC,CBQK.QA,QAR,Qatar Stock Exchange,Qatar,QE20,Banking,CBQK.QA,False,
Ooredoo QSC,ORDS.QA,QAR,Qatar Stock Exchange,Qatar,QE20,Telecom,ORDS.QA,False,
Masraf Al Rayan QSC,MARK.QA,QAR,Qatar Stock Exchange,Qatar,QE20,Banking,MARK.QA,False,
Qatar Navigation QSC,QNNS.QA,QAR,Qatar Stock Exchange,Qatar,QE20,Industrials,QNNS.QA,False,
Qatar Fuel Company QSC (Woqod),QFLS.QA,QAR,Qatar Stock Exchange,Qatar,QE20,Energy,QFLS.QA,False,
Gulf International Services QSC,GISS.QA,QAR,Qatar Stock Exchange,Qatar,QE20,Energy,GISS.QA,False,
Nakilat QSC,QGTS.QA,QAR,Qatar Stock Exchange,Qatar,QE20,Industrials,QGTS.QA,False,
Qatar International Islamic Bank,QIIK.QA,QAR,Qatar Stock Exchange,Qatar,QE20,Banking,QIIK.QA,False,
National Bank of Kuwait SAKP,NBK.KW,KWD,Boursa Kuwait,Kuwait,BK15,Banking,NBK.KW,False,
Kuwait Finance House KSCP,KFH.KW,KWD,Boursa Kuwait,Kuwait,BK15,Banking,KFH.KW,False,
Gulf Bank KSCP,GBK.KW,KWD,Boursa Kuwait,Kuwait,BK15,Banking,GBK.KW,False,
Burgan Bank SAK,BURG.KW,KWD,Boursa Kuwait,Kuwait,BK15,Banking,BURG.KW,False,
Mobile Telecommunications Co KSCP (Zain),ZAIN.KW,KWD,Boursa Kuwait,Kuwait,BK15,Telecom,ZAIN.KW,False,
Agility Public Warehousing Co KSCP,AGLTY.KW,KWD,Boursa Kuwait,Kuwait,BK15,Industrials,AGLTY.KW,False,
Boubyan Bank KSCP,BBK.KW,KWD,Boursa Kuwait,Kuwait,BK15,Banking,BBK.KW,False,
Humansoft Holding Co KSCP,HUMANSOFT.KW,KWD,Boursa Kuwait,Kuwait,BK15,Technology,HUMANSOFT.KW,False,
Gulf Insurance Group KSCP,GIG.KW,KWD,Boursa Kuwait,Kuwait,BK15,Insurance,GIG.KW,False,
Jazeera Airways Co KSCP,JAZEERA.KW,KWD,Boursa Kuwait,Kuwait,BK15,Airlines,JAZEERA.KW,False,
Al Baraka Banking Group BSC,ABB.BH,BHD,Bahrain Bourse,Bahrain,BSE10,Banking,ABB.BH,False,
Ahli United Bank BSC,AUB.BH,BHD,Bahrain Bourse,Bahrain,BSE10,Banking,AUB.BH,False,
National Bank of Bahrain BSC,NBB.BH,BHD,Bahrain Bourse,Bahrain,BSE10,Banking,NBB.BH,False,
Aluminium Bahrain BSC (Alba),ALBH.BH,BHD,Bahrain Bourse,Bahrain,BSE10,Materials,ALBH.BH,False,
Beyon Communications BSC (Batelco),BATELCO.BH,BHD,Bahrain Bourse,Bahrain,BSE10,Telecom,BATELCO.BH,False,
GFH Financial Group BSC,GFH.BH,BHD,Bahrain Bourse,Bahrain,BSE10,Financial Services,GFH.BH,False,
Investcorp Bank BSC,INVCORP.BH,BHD,Bahrain Bourse,Bahrain,BSE10,Financial Services,INVCORP.BH,False,
Bank Hapoalim BM,POLI.TA,ILS,TASE,Israel,TA35,Banking,POLI.TA,False,
Bank Leumi le-Israel BM,LUMI.TA,ILS,TASE,Israel,TA35,Banking,LUMI.TA,False,
Israel Discount Bank Ltd,DSCT.TA,ILS,TASE,Israel,TA35,Banking,DSCT.TA,False,
Mizrahi-Tefahot Bank Ltd,MZTF.TA,ILS,TASE,Israel,TA35,Banking,MZTF.TA,False,
First International Bank of Israel,FIBI.TA,ILS,TASE,Israel,TA35,Banking,FIBI.TA,False,
Teva Pharmaceutical Industries Ltd,TEVA.TA,ILS,TASE,Israel,TA35,Pharmaceuticals,TEVA.TA,True,TEVA
NICE Ltd,NICE.TA,ILS,TASE,Israel,TA35,Technology,NICE.TA,True,NICE
Elbit Systems Ltd,ESLT.TA,ILS,TASE,Israel,TA35,Aerospace & Defence,ESLT.TA,True,ESLT
ICL Group Ltd,ICL.TA,ILS,TASE,Israel,TA35,Chemicals,ICL.TA,True,ICL
Tower Semiconductor Ltd,TSEM.TA,ILS,TASE,Israel,TA35,Technology,TSEM.TA,True,TSEM
Nova Measuring Instruments Ltd,NVMI.TA,ILS,TASE,Israel,TA35,Technology,NVMI.TA,True,NVMI
Camtek Ltd,CAMT.TA,ILS,TASE,Israel,TA35,Technology,CAMT.TA,True,CAMT
Azrieli Group Ltd,AZRG.TA,ILS,TASE,Israel,TA35,Real Estate,AZRG.TA,False,
Melisron Ltd,MLSR.TA,ILS,TASE,Israel,TA35,Real Estate,MLSR.TA,False,
OPC Energy Ltd,OPCE.TA,ILS,TASE,Israel,TA35,Energy,OPCE.TA,False,
Bezeq Israeli Telecommunication,BEZQ.TA,ILS,TASE,Israel,TA35,Telecom,BEZQ.TA,False,
Enlight Renewable Energy Ltd,ENLT.TA,ILS,TASE,Israel,TA35,Utilities,ENLT.TA,False,
NewMed Energy LP,NWMD.TA,ILS,TASE,Israel,TA35,Energy,NWMD.TA,False,
Delek Group Ltd,DLEKG.TA,ILS,TASE,Israel,TA35,Energy,DLEKG.TA,False,
Phoenix Holdings Ltd,PHOE.TA,ILS,TASE,Israel,TA35,Insurance,PHOE.TA,False,
Harel Insurance Investments,HARL.TA,ILS,TASE,Israel,TA35,Insurance,HARL.TA,False,
Clal Insurance Holdings Ltd,CLIS.TA,ILS,TASE,Israel,TA35,Insurance,CLIS.TA,False,
Migdal Insurance & Financial Holdings,MGDL.TA,ILS,TASE,Israel,TA35,Insurance,MGDL.TA,False,
Menora Mivtachim Holdings Ltd,MMHD.TA,ILS,TASE,Israel,TA35,Insurance,MMHD.TA,False,
Strauss Group Ltd,STRS.TA,ILS,TASE,Israel,TA35,Consumer Staples,STRS.TA,False,
Shufersal Ltd,SAE.TA,ILS,TASE,Israel,TA35,Retail,SAE.TA,False,
Fattal Holdings Ltd,FTAL.TA,ILS,TASE,Israel,TA35,Consumer Services,FTAL.TA,False,
BIG Shopping Centers Ltd,BIG.TA,ILS,TASE,Israel,TA35,Real Estate,BIG.TA,False,
AMOT Investments Ltd,AMOT.TA,ILS,TASE,Israel,TA35,Real Estate,AMOT.TA,False,
Dimri Construction & Development,DIMRI.TA,ILS,TASE,Israel,TA35,Real Estate,DIMRI.TA,False,
Mivne Real Estate KD Ltd,MVNE.TA,ILS,TASE,Israel,TA35,Real Estate,MVNE.TA,False,
Navitas Petroleum LP,NVPT.TA,ILS,TASE,Israel,TA35,Energy,NVPT.TA,False,
Shapir Engineering and Industry Ltd,SPEN.TA,ILS,TASE,Israel,TA35,Industrials,SPEN.TA,False,
Naspers Ltd,NPN.JO,ZAR,JSE,South Africa,JSE40,Technology,NPN.JO,True,NPSNY
Prosus NV,PRX.JO,ZAR,JSE,South Africa,JSE40,Technology,PRX.JO,False,
BHP Group Ltd,BHP.JO,ZAR,JSE,South Africa,JSE40,Mining,BHP.JO,False,
Anglo American Platinum Ltd,AMS.JO,ZAR,JSE,South Africa,JSE40,Mining,AMS.JO,False,
Anglo American PLC,AGL.JO,ZAR,JSE,South Africa,JSE40,Mining,AGL.JO,False,
Glencore PLC,GLN.JO,ZAR,JSE,South Africa,JSE40,Mining,GLN.JO,False,
Impala Platinum Holdings Ltd,IMP.JO,ZAR,JSE,South Africa,JSE40,Mining,IMP.JO,False,
Sibanye Stillwater Ltd,SSW.JO,ZAR,JSE,South Africa,JSE40,Mining,SSW.JO,False,
Gold Fields Ltd,GFI.JO,ZAR,JSE,South Africa,JSE40,Mining,GFI.JO,True,GFI
Sasol Ltd,SOL.JO,ZAR,JSE,South Africa,JSE40,Energy,SOL.JO,True,SASOY
FirstRand Ltd,FSR.JO,ZAR,JSE,South Africa,JSE40,Banking,FSR.JO,True,FANDF
Standard Bank Group Ltd,SBK.JO,ZAR,JSE,South Africa,JSE40,Banking,SBK.JO,True,SGBLY
Nedbank Group Ltd,NED.JO,ZAR,JSE,South Africa,JSE40,Banking,NED.JO,False,
Absa Group Ltd,ABG.JO,ZAR,JSE,South Africa,JSE40,Banking,ABG.JO,False,
Capitec Bank Holdings Ltd,CPI.JO,ZAR,JSE,South Africa,JSE40,Banking,CPI.JO,False,
MTN Group Ltd,MTN.JO,ZAR,JSE,South Africa,JSE40,Telecom,MTN.JO,True,MTNOY
Vodacom Group Ltd,VOD.JO,ZAR,JSE,South Africa,JSE40,Telecom,VOD.JO,False,
Sanlam Ltd,SLM.JO,ZAR,JSE,South Africa,JSE40,Insurance,SLM.JO,False,
Old Mutual Ltd,OMU.JO,ZAR,JSE,South Africa,JSE40,Insurance,OMU.JO,False,
Discovery Ltd,DSY.JO,ZAR,JSE,South Africa,JSE40,Insurance,DSY.JO,False,
Shoprite Holdings Ltd,SHP.JO,ZAR,JSE,South Africa,JSE40,Retail,SHP.JO,False,
Woolworths Holdings Ltd,WHL.JO,ZAR,JSE,South Africa,JSE40,Retail,WHL.JO,False,
Mr Price Group Ltd,MRP.JO,ZAR,JSE,South Africa,JSE40,Retail,MRP.JO,False,
Bidcorp Ltd,BID.JO,ZAR,JSE,South Africa,JSE40,Consumer Staples,BID.JO,False,
Tiger Brands Ltd,TBS.JO,ZAR,JSE,South Africa,JSE40,Consumer Staples,TBS.JO,False,
AngloGold Ashanti PLC,ANG.JO,ZAR,JSE,South Africa,JSE40,Mining,ANG.JO,True,AU
Kumba Iron Ore Ltd,KIO.JO,ZAR,JSE,South Africa,JSE40,Mining,KIO.JO,False,
Exxaro Resources Ltd,EXX.JO,ZAR,JSE,South Africa,JSE40,Mining,EXX.JO,False,
Remgro Ltd,REM.JO,ZAR,JSE,South Africa,JSE40,Financial Services,REM.JO,False,
Aspen Pharmacare Holdings Ltd,APN.JO,ZAR,JSE,South Africa,JSE40,Pharmaceuticals,APN.JO,False,
Life Healthcare Group Holdings Ltd,LHC.JO,ZAR,JSE,South Africa,JSE40,Healthcare,LHC.JO,False,
Growthpoint Properties Ltd,GRT.JO,ZAR,JSE,South Africa,JSE40,Real Estate,GRT.JO,False,
Redefine Properties Ltd,RDF.JO,ZAR,JSE,South Africa,JSE40,Real Estate,RDF.JO,False,
Clicks Group Ltd,CLS.JO,ZAR,JSE,South Africa,JSE40,Retail,CLS.JO,False,
Investec Ltd,INL.JO,ZAR,JSE,South Africa,JSE40,Financial Services,INL.JO,False,
Commercial International Bank Egypt SAE,COMI.CA,EGP,Egyptian Exchange,Egypt,EGX30,Banking,COMI.CA,False,
Eastern Company SAE,EAST.CA,EGP,Egyptian Exchange,Egypt,EGX30,Consumer Staples,EAST.CA,False,
Telecom Egypt SAE,ETEL.CA,EGP,Egyptian Exchange,Egypt,EGX30,Telecom,ETEL.CA,False,
EFG Hermes Holding SAE,HRHO.CA,EGP,Egyptian Exchange,Egypt,EGX30,Financial Services,HRHO.CA,False,
Sodic SAE,OCDI.CA,EGP,Egyptian Exchange,Egypt,EGX30,Real Estate,OCDI.CA,False,
Orascom Construction PLC,ORAS.CA,EGP,Egyptian Exchange,Egypt,EGX30,Industrials,ORAS.CA,False,
Palm Hills Developments SAE,PHDC.CA,EGP,Egyptian Exchange,Egypt,EGX30,Real Estate,PHDC.CA,False,
Juhayna Food Industries SAE,JUFO.CA,EGP,Egyptian Exchange,Egypt,EGX30,Consumer Staples,JUFO.CA,False,
Edita Food Industries SAE,EDIT.CA,EGP,Egyptian Exchange,Egypt,EGX30,Consumer Staples,EDIT.CA,False,
Egyptian Resorts Company SAE,EGTS.CA,EGP,Egyptian Exchange,Egypt,EGX30,Real Estate,EGTS.CA,False,
Madinet Nasr Housing & Development,MNHD.CA,EGP,Egyptian Exchange,Egypt,EGX30,Real Estate,MNHD.CA,False,
Credit Agricole Egypt SAE,CIEB.CA,EGP,Egyptian Exchange,Egypt,EGX30,Banking,CIEB.CA,False,
Maroc Telecom SA,IAM.CS,MAD,Casablanca Stock Exchange,Morocco,MASI20,Telecom,IAM.CS,False,
Attijariwafa Bank SA,ATW.CS,MAD,Casablanca Stock Exchange,Morocco,MASI20,Banking,ATW.CS,False,
Banque Centrale Populaire SA,BCP.CS,MAD,Casablanca Stock Exchange,Morocco,MASI20,Banking,BCP.CS,False,
BMCE Bank of Africa SA,BOA.CS,MAD,Casablanca Stock Exchange,Morocco,MASI20,Banking,BOA.CS,False,
LafargeHolcim Maroc SA,LHM.CS,MAD,Casablanca Stock Exchange,Morocco,MASI20,Materials,LHM.CS,False,
Wafa Assurance SA,WAA.CS,MAD,Casablanca Stock Exchange,Morocco,MASI20,Insurance,WAA.CS,False,
Label Vie SA,LBV.CS,MAD,Casablanca Stock Exchange,Morocco,MASI20,Retail,LBV.CS,False,
Cosumar SA,CSR.CS,MAD,Casablanca Stock Exchange,Morocco,MASI20,Consumer Staples,CSR.CS,False,
Managem Group SA,MNG.CS,MAD,Casablanca Stock Exchange,Morocco,MASI20,Mining,MNG.CS,False,
Ciments du Maroc SA,CIM.CS,MAD,Casablanca Stock Exchange,Morocco,MASI20,Materials,CIM.CS,False,
Dangote Cement PLC,DANGCEM.LG,NGN,Nigerian Exchange,Nigeria,NGX30,Materials,DANGCEM.LG,False,
MTN Nigeria Communications PLC,MTNN.LG,NGN,Nigerian Exchange,Nigeria,NGX30,Telecom,MTNN.LG,False,
Airtel Africa Nigeria,AIRTELAFRI.LG,NGN,Nigerian Exchange,Nigeria,NGX30,Telecom,AIRTELAFRI.LG,False,
Zenith Bank PLC,ZENITHBANK.LG,NGN,Nigerian Exchange,Nigeria,NGX30,Banking,ZENITHBANK.LG,False,
Access Holdings PLC,ACCESSCORP.LG,NGN,Nigerian Exchange,Nigeria,NGX30,Banking,ACCESSCORP.LG,False,
Guaranty Trust Holding Co PLC,GTCO.LG,NGN,Nigerian Exchange,Nigeria,NGX30,Banking,GTCO.LG,False,
First Bank Holdings PLC,FBNH.LG,NGN,Nigerian Exchange,Nigeria,NGX30,Banking,FBNH.LG,False,
United Bank for Africa PLC,UBA.LG,NGN,Nigerian Exchange,Nigeria,NGX30,Banking,UBA.LG,False,
Nestle Nigeria PLC,NESTLE.LG,NGN,Nigerian Exchange,Nigeria,NGX30,Consumer Staples,NESTLE.LG,False,
Lafarge Africa PLC,WAPCO.LG,NGN,Nigerian Exchange,Nigeria,NGX30,Materials,WAPCO.LG,False,
Nigerian Breweries PLC,NB.LG,NGN,Nigerian Exchange,Nigeria,NGX30,Consumer Staples,NB.LG,False,
Stanbic IBTC Holdings PLC,STANBIC.LG,NGN,Nigerian Exchange,Nigeria,NGX30,Banking,STANBIC.LG,False,
Safaricom PLC,SCOM.NR,KES,Nairobi Securities Exchange,Kenya,NSE20,Telecom,SCOM.NR,False,
East African Breweries Ltd,EABL.NR,KES,Nairobi Securities Exchange,Kenya,NSE20,Consumer Staples,EABL.NR,False,
KCB Group PLC,KCB.NR,KES,Nairobi Securities Exchange,Kenya,NSE20,Banking,KCB.NR,False,
Equity Group Holdings PLC,EQTY.NR,KES,Nairobi Securities Exchange,Kenya,NSE20,Banking,EQTY.NR,False,
Co-operative Bank of Kenya Ltd,COOP.NR,KES,Nairobi Securities Exchange,Kenya,NSE20,Banking,COOP.NR,False,
BAT Kenya PLC,BAT.NR,KES,Nairobi Securities Exchange,Kenya,NSE20,Consumer Staples,BAT.NR,False,
Standard Chartered Bank Kenya Ltd,SCBK.NR,KES,Nairobi Securities Exchange,Kenya,NSE20,Banking,SCBK.NR,False,
Jubilee Holdings Ltd,JUB.NR,KES,Nairobi Securities Exchange,Kenya,NSE20,Insurance,JUB.NR,False,
ABSA Bank Kenya PLC,ABSA.NR,KES,Nairobi Securities Exchange,Kenya,NSE20,Banking,ABSA.NR,False,
Diamond Trust Bank Kenya Ltd,DTK.NR,KES,Nairobi Securities Exchange,Kenya,NSE20,Banking,DTK.NR,False,
3M,MMM,USD,NYSE/NASDAQ,US,SP500,Industrials,MMM,False,
A. O. Smith,AOS,USD,NYSE/NASDAQ,US,SP500,Industrials,AOS,False,
Abbott Laboratories,ABT,USD,NYSE/NASDAQ,US,SP500,Health Care,ABT,False,
AbbVie,ABBV,USD,NYSE/NASDAQ,US,SP500,Health Care,ABBV,False,
Accenture,ACN,USD,NYSE/NASDAQ,US,SP500,Information Technology,ACN,False,
Adobe Inc.,ADBE,USD,NYSE/NASDAQ,US,SP500,Information Technology,ADBE,False,
Advanced Micro Devices,AMD,USD,NYSE/NASDAQ,US,SP500,Information Technology,AMD,False,
AES Corporation,AES,USD,NYSE/NASDAQ,US,SP500,Utilities,AES,False,
Aflac,AFL,USD,NYSE/NASDAQ,US,SP500,Financials,AFL,False,
Agilent Technologies,A,USD,NYSE/NASDAQ,US,SP500,Health Care,A,False,
Air Products,APD,USD,NYSE/NASDAQ,US,SP500,Materials,APD,False,
Airbnb,ABNB,USD,NYSE/NASDAQ,US,SP500,Consumer Discretionary,ABNB,False,
Akamai Technologies,AKAM,USD,NYSE/NASDAQ,US,SP500,Information Technology,AKAM,False,
Albemarle Corporation,ALB,USD,NYSE/NASDAQ,US,SP500,Materials,ALB,False,
Alexandria Real Estate Equities,ARE,USD,NYSE/NASDAQ,US,SP500,Real Estate,ARE,False,
Align Technology,ALGN,USD,NYSE/NASDAQ,US,SP500,Health Care,ALGN,False,
Allegion,ALLE,USD,NYSE/NASDAQ,US,SP500,Industrials,ALLE,False,
Alliant Energy,LNT,USD,NYSE/NASDAQ,US,SP500,Utilities,LNT,False,
Allstate,ALL,USD,NYSE/NASDAQ,US,SP500,Financials,ALL,False,
Alphabet Inc. (Class A),GOOGL,USD,NYSE/NASDAQ,US,SP500,Communication Services,GOOGL,False,
Alphabet Inc. (Class C),GOOG,USD,NYSE/NASDAQ,US,SP500,Communication Services,GOOG,False,
Altria,MO,USD,NYSE/NASDAQ,US,SP500,Consumer Staples,MO,False,
Amazon,AMZN,USD,NYSE/NASDAQ,US,SP500,Consumer Discretionary,AMZN,False,
Amcor,AMCR,USD,NYSE/NASDAQ,US,SP500,Materials,AMCR,False,
Ameren,AEE,USD,NYSE/NASDAQ,US,SP500,Utilities,AEE,False,
American Electric Power,AEP,USD,NYSE/NASDAQ,US,SP500,Utilities,AEP,False,
American Express,AXP,USD,NYSE/NASDAQ,US,SP500,Financials,AXP,False,
American International Group,AIG,USD,NYSE/NASDAQ,US,SP500,Financials,AIG,False,
American Tower,AMT,USD,NYSE/NASDAQ,US,SP500,Real Estate,AMT,False,
American Water Works,AWK,USD,NYSE/NASDAQ,US,SP500,Utilities,AWK,False,
Ameriprise Financial,AMP,USD,NYSE/NASDAQ,US,SP500,Financials,AMP,False,
Ametek,AME,USD,NYSE/NASDAQ,US,SP500,Industrials,AME,False,
Amgen,AMGN,USD,NYSE/NASDAQ,US,SP500,Health Care,AMGN,False,
Amphenol,APH,USD,NYSE/NASDAQ,US,SP500,Information Technology,APH,False,
Analog Devices,ADI,USD,NYSE/NASDAQ,US,SP500,Information Technology,ADI,False,
Aon plc,AON,USD,NYSE/NASDAQ,US,SP500,Financials,AON,False,
APA Corporation,APA,USD,NYSE/NASDAQ,US,SP500,Energy,APA,False,
Apollo Global Management,APO,USD,NYSE/NASDAQ,US,SP500,Financials,APO,False,
Apple Inc.,AAPL,USD,NYSE/NASDAQ,US,SP500,Information Technology,AAPL,False,
Applied Materials,AMAT,USD,NYSE/NASDAQ,US,SP500,Information Technology,AMAT,False,
AppLovin,APP,USD,NYSE/NASDAQ,US,SP500,Information Technology,APP,False,
Aptiv,APTV,USD,NYSE/NASDAQ,US,SP500,Consumer Discretionary,APTV,False,
Arch Capital Group,ACGL,USD,NYSE/NASDAQ,US,SP500,Financials,ACGL,False,
Archer Daniels Midland,ADM,USD,NYSE/NASDAQ,US,SP500,Consumer Staples,ADM,False,
Ares Management,ARES,USD,NYSE/NASDAQ,US,SP500,Financials,ARES,False,
Arista Networks,ANET,USD,NYSE/NASDAQ,US,SP500,Information Technology,ANET,False,
Arthur J. Gallagher & Co.,AJG,USD,NYSE/NASDAQ,US,SP500,Financials,AJG,False,
Assurant,AIZ,USD,NYSE/NASDAQ,US,SP500,Financials,AIZ,False,
AT&T,T,USD,NYSE/NASDAQ,US,SP500,Communication Services,T,False,
Atmos Energy,ATO,USD,NYSE/NASDAQ,US,SP500,Utilities,ATO,False,
Autodesk,ADSK,USD,NYSE/NASDAQ,US,SP500,Information Technology,ADSK,False,
Automatic Data Processing,ADP,USD,NYSE/NASDAQ,US,SP500,Industrials,ADP,False,
AutoZone,AZO,USD,NYSE/NASDAQ,US,SP500,Consumer Discretionary,AZO,False,
AvalonBay Communities,AVB,USD,NYSE/NASDAQ,US,SP500,Real Estate,AVB,False,
Avery Dennison,AVY,USD,NYSE/NASDAQ,US,SP500,Materials,AVY,False,
Axon Enterprise,AXON,USD,NYSE/NASDAQ,US,SP500,Industrials,AXON,False,
Baker Hughes,BKR,USD,NYSE/NASDAQ,US,SP500,Energy,BKR,False,
Ball Corporation,BALL,USD,NYSE/NASDAQ,US,SP500,Materials,BALL,False,
Bank of America,BAC,USD,NYSE/NASDAQ,US,SP500,Financials,BAC,False,
Baxter International,BAX,USD,NYSE/NASDAQ,US,SP500,Health Care,BAX,False,
Becton Dickinson,BDX,USD,NYSE/NASDAQ,US,SP500,Health Care,BDX,False,
Berkshire Hathaway,BRK.B,USD,NYSE/NASDAQ,US,SP500,Financials,BRK-B,False,
Best Buy,BBY,USD,NYSE/NASDAQ,US,SP500,Consumer Discretionary,BBY,False,
Bio-Techne,TECH,USD,NYSE/NASDAQ,US,SP500,Health Care,TECH,False,
Biogen,BIIB,USD,NYSE/NASDAQ,US,SP500,Health Care,BIIB,False,
BlackRock,BLK,USD,NYSE/NASDAQ,US,SP500,Financials,BLK,False,
Blackstone Inc.,BX,USD,NYSE/NASDAQ,US,SP500,Financials,BX,False,
"Block, Inc.",XYZ,USD,NYSE/NASDAQ,US,SP500,Financials,XYZ,False,
BNY Mellon,BNY,USD,NYSE/NASDAQ,US,SP500,Financials,BNY,False,
Boeing,BA,USD,NYSE/NASDAQ,US,SP500,Industrials,BA,False,
Booking Holdings,BKNG,USD,NYSE/NASDAQ,US,SP500,Consumer Discretionary,BKNG,False,
Boston Scientific,BSX,USD,NYSE/NASDAQ,US,SP500,Health Care,BSX,False,
Bristol Myers Squibb,BMY,USD,NYSE/NASDAQ,US,SP500,Health Care,BMY,False,
Broadcom,AVGO,USD,NYSE/NASDAQ,US,SP500,Information Technology,AVGO,False,
Broadridge Financial Solutions,BR,USD,NYSE/NASDAQ,US,SP500,Industrials,BR,False,
Brown & Brown,BRO,USD,NYSE/NASDAQ,US,SP500,Financials,BRO,False,
Brown–Forman,BF.B,USD,NYSE/NASDAQ,US,SP500,Consumer Staples,BF-B,False,
Builders FirstSource,BLDR,USD,NYSE/NASDAQ,US,SP500,Industrials,BLDR,False,
Bunge Global,BG,USD,NYSE/NASDAQ,US,SP500,Consumer Staples,BG,False,
"BXP, Inc.",BXP,USD,NYSE/NASDAQ,US,SP500,Real Estate,BXP,False,
C.H. Robinson,CHRW,USD,NYSE/NASDAQ,US,SP500,Industrials,CHRW,False,
Cadence Design Systems,CDNS,USD,NYSE/NASDAQ,US,SP500,Information Technology,CDNS,False,
Camden Property Trust,CPT,USD,NYSE/NASDAQ,US,SP500,Real Estate,CPT,False,
Campbell's Company (The),CPB,USD,NYSE/NASDAQ,US,SP500,Consumer Staples,CPB,False,
Capital One,COF,USD,NYSE/NASDAQ,US,SP500,Financials,COF,False,
Cardinal Health,CAH,USD,NYSE/NASDAQ,US,SP500,Health Care,CAH,False,
Carnival Corporation,CCL,USD,NYSE/NASDAQ,US,SP500,Consumer Discretionary,CCL,False,
Carrier Global,CARR,USD,NYSE/NASDAQ,US,SP500,Industrials,CARR,False,
Carvana,CVNA,USD,NYSE/NASDAQ,US,SP500,Consumer Discretionary,CVNA,False,
Casey's,CASY,USD,NYSE/NASDAQ,US,SP500,Consumer Staples,CASY,False,
Caterpillar Inc.,CAT,USD,NYSE/NASDAQ,US,SP500,Industrials,CAT,False,
Cboe Global Markets,CBOE,USD,NYSE/NASDAQ,US,SP500,Financials,CBOE,False,
CBRE Group,CBRE,USD,NYSE/NASDAQ,US,SP500,Real Estate,CBRE,False,
CDW Corporation,CDW,USD,NYSE/NASDAQ,US,SP500,Information Technology,CDW,False,
Cencora,COR,USD,NYSE/NASDAQ,US,SP500,Health Care,COR,False,
Centene Corporation,CNC,USD,NYSE/NASDAQ,US,SP500,Health Care,CNC,False,
CenterPoint Energy,CNP,USD,NYSE/NASDAQ,US,SP500,Utilities,CNP,False,
CF Industries,CF,USD,NYSE/NASDAQ,US,SP500,Materials,CF,False,
Charles River Laboratories,CRL,USD,NYSE/NASDAQ,US,SP500,Health Care,CRL,False,
Charles Schwab Corporation,SCHW,USD,NYSE/NASDAQ,US,SP500,Financials,SCHW,False,
Charter Communications,CHTR,USD,NYSE/NASDAQ,US,SP500,Communication Services,CHTR,False,
Chevron Corporation,CVX,USD,NYSE/NASDAQ,US,SP500,Energy,CVX,False,
Chipotle Mexican Grill,CMG,USD,NYSE/NASDAQ,US,SP500,Consumer Discretionary,CMG,False,
Chubb Limited,CB,USD,NYSE/NASDAQ,US,SP500,Financials,CB,False,
Church & Dwight,CHD,USD,NYSE/NASDAQ,US,SP500,Consumer Staples,CHD,False,
Ciena,CIEN,USD,NYSE/NASDAQ,US,SP500,Information Technology,CIEN,False,
Cigna,CI,USD,NYSE/NASDAQ,US,SP500,Health Care,CI,False,
Cincinnati Financial,CINF,USD,NYSE/NASDAQ,US,SP500,Financials,CINF,False,
Cintas,CTAS,USD,NYSE/NASDAQ,US,SP500,Industrials,CTAS,False,
Cisco,CSCO,USD,NYSE/NASDAQ,US,SP500,Information Technology,CSCO,False,
Citigroup,C,USD,NYSE/NASDAQ,US,SP500,Financials,C,False,
Citizens Financial Group,CFG,USD,NYSE/NASDAQ,US,SP500,Financials,CFG,False,
Clorox,CLX,USD,NYSE/NASDAQ,US,SP500,Consumer Staples,CLX,False,
CME Group,CME,USD,NYSE/NASDAQ,US,SP500,Financials,CME,False,
CMS Energy,CMS,USD,NYSE/NASDAQ,US,SP500,Utilities,CMS,False,
Coca-Cola Company (The),KO,USD,NYSE/NASDAQ,US,SP500,Consumer Staples,KO,False,
Cognizant,CTSH,USD,NYSE/NASDAQ,US,SP500,Information Technology,CTSH,False,
Coherent Corp.,COHR,USD,NYSE/NASDAQ,US,SP500,Information Technology,COHR,False,
Coinbase,COIN,USD,NYSE/NASDAQ,US,SP500,Financials,COIN,False,
Colgate-Palmolive,CL,USD,NYSE/NASDAQ,US,SP500,Consumer Staples,CL,False,
Comcast,CMCSA,USD,NYSE/NASDAQ,US,SP500,Communication Services,CMCSA,False,
Comfort Systems USA,FIX,USD,NYSE/NASDAQ,US,SP500,Industrials,FIX,False,
Conagra Brands,CAG,USD,NYSE/NASDAQ,US,SP500,Consumer Staples,CAG,False,
ConocoPhillips,COP,USD,NYSE/NASDAQ,US,SP500,Energy,COP,False,
Consolidated Edison,ED,USD,NYSE/NASDAQ,US,SP500,Utilities,ED,False,
Constellation Brands,STZ,USD,NYSE/NASDAQ,US,SP500,Consumer Staples,STZ,False,
Constellation Energy,CEG,USD,NYSE/NASDAQ,US,SP500,Utilities,CEG,False,
Cooper Companies (The),COO,USD,NYSE/NASDAQ,US,SP500,Health Care,COO,False,
Copart,CPRT,USD,NYSE/NASDAQ,US,SP500,Industrials,CPRT,False,
Corning Inc.,GLW,USD,NYSE/NASDAQ,US,SP500,Information Technology,GLW,False,
Corpay,CPAY,USD,NYSE/NASDAQ,US,SP500,Financials,CPAY,False,
Corteva,CTVA,USD,NYSE/NASDAQ,US,SP500,Materials,CTVA,False,
CoStar Group,CSGP,USD,NYSE/NASDAQ,US,SP500,Real Estate,CSGP,False,
Costco,COST,USD,NYSE/NASDAQ,US,SP500,Consumer Staples,COST,False,
CRH plc,CRH,USD,NYSE/NASDAQ,US,SP500,Materials,CRH,False,
CrowdStrike,CRWD,USD,NYSE/NASDAQ,US,SP500,Information Technology,CRWD,False,
Crown Castle,CCI,USD,NYSE/NASDAQ,US,SP500,Real Estate,CCI,False,
CSX Corporation,CSX,USD,NYSE/NASDAQ,US,SP500,Industrials,CSX,False,
Cummins,CMI,USD,NYSE/NASDAQ,US,SP500,Industrials,CMI,False,
CVS Health,CVS,USD,NYSE/NASDAQ,US,SP500,Health Care,CVS,False,
Danaher Corporation,DHR,USD,NYSE/NASDAQ,US,SP500,Health Care,DHR,False,
Darden Restaurants,DRI,USD,NYSE/NASDAQ,US,SP500,Consumer Discretionary,DRI,False,
Datadog,DDOG,USD,NYSE/NASDAQ,US,SP500,Information Technology,DDOG,False,
DaVita,DVA,USD,NYSE/NASDAQ,US,SP500,Health Care,DVA,False,
Deckers Brands,DECK,USD,NYSE/NASDAQ,US,SP500,Consumer Discretionary,DECK,False,
Deere & Company,DE,USD,NYSE/NASDAQ,US,SP500,Industrials,DE,False,
Dell Technologies,DELL,USD,NYSE/NASDAQ,US,SP500,Information Technology,DELL,False,
Delta Air Lines,DAL,USD,NYSE/NASDAQ,US,SP500,Industrials,DAL,False,
Devon Energy,DVN,USD,NYSE/NASDAQ,US,SP500,Energy,DVN,False,
Dexcom,DXCM,USD,NYSE/NASDAQ,US,SP500,Health Care,DXCM,False,
Diamondback Energy,FANG,USD,NYSE/NASDAQ,US,SP500,Energy,FANG,False,
Digital Realty,DLR,USD,NYSE/NASDAQ,US,SP500,Real Estate,DLR,False,
Dollar General,DG,USD,NYSE/NASDAQ,US,SP500,Consumer Staples,DG,False,
Dollar Tree,DLTR,USD,NYSE/NASDAQ,US,SP500,Consumer Staples,DLTR,False,
Dominion Energy,D,USD,NYSE/NASDAQ,US,SP500,Utilities,D,False,
Domino's,DPZ,USD,NYSE/NASDAQ,US,SP500,Consumer Discretionary,DPZ,False,
DoorDash,DASH,USD,NYSE/NASDAQ,US,SP500,Consumer Discretionary,DASH,False,
Dover Corporation,DOV,USD,NYSE/NASDAQ,US,SP500,Industrials,DOV,False,
Dow Inc.,DOW,USD,NYSE/NASDAQ,US,SP500,Materials,DOW,False,
D. R. Horton,DHI,USD,NYSE/NASDAQ,US,SP500,Consumer Discretionary,DHI,False,
DTE Energy,DTE,USD,NYSE/NASDAQ,US,SP500,Utilities,DTE,False,
Duke Energy,DUK,USD,NYSE/NASDAQ,US,SP500,Utilities,DUK,False,
DuPont,DD,USD,NYSE/NASDAQ,US,SP500,Materials,DD,False,
Eaton Corporation,ETN,USD,NYSE/NASDAQ,US,SP500,Industrials,ETN,False,
eBay Inc.,EBAY,USD,NYSE/NASDAQ,US,SP500,Consumer Discretionary,EBAY,False,
EchoStar,SATS,USD,NYSE/NASDAQ,US,SP500,Communication Services,SATS,False,
Ecolab,ECL,USD,NYSE/NASDAQ,US,SP500,Materials,ECL,False,
Edison International,EIX,USD,NYSE/NASDAQ,US,SP500,Utilities,EIX,False,
Edwards Lifesciences,EW,USD,NYSE/NASDAQ,US,SP500,Health Care,EW,False,
Electronic Arts,EA,USD,NYSE/NASDAQ,US,SP500,Communication Services,EA,False,
Elevance Health,ELV,USD,NYSE/NASDAQ,US,SP500,Health Care,ELV,False,
Emcor,EME,USD,NYSE/NASDAQ,US,SP500,Industrials,EME,False,
Emerson Electric,EMR,USD,NYSE/NASDAQ,US,SP500,Industrials,EMR,False,
Entergy,ETR,USD,NYSE/NASDAQ,US,SP500,Utilities,ETR,False,
EOG Resources,EOG,USD,NYSE/NASDAQ,US,SP500,Energy,EOG,False,
EPAM Systems,EPAM,USD,NYSE/NASDAQ,US,SP500,Information Technology,EPAM,False,
EQT Corporation,EQT,USD,NYSE/NASDAQ,US,SP500,Energy,EQT,False,
Equifax,EFX,USD,NYSE/NASDAQ,US,SP500,Industrials,EFX,False,
Equinix,EQIX,USD,NYSE/NASDAQ,US,SP500,Real Estate,EQIX,False,
Equity Residential,EQR,USD,NYSE/NASDAQ,US,SP500,Real Estate,EQR,False,
Erie Indemnity,ERIE,USD,NYSE/NASDAQ,US,SP500,Financials,ERIE,False,
Essex Property Trust,ESS,USD,NYSE/NASDAQ,US,SP500,Real Estate,ESS,False,
Estée Lauder Companies (The),EL,USD,NYSE/NASDAQ,US,SP500,Consumer Staples,EL,False,
Everest Group,EG,USD,NYSE/NASDAQ,US,SP500,Financials,EG,False,
Evergy,EVRG,USD,NYSE/NASDAQ,US,SP500,Utilities,EVRG,False,
Eversource Energy,ES,USD,NYSE/NASDAQ,US,SP500,Utilities,ES,False,
Exelon,EXC,USD,NYSE/NASDAQ,US,SP500,Utilities,EXC,False,
Expand Energy,EXE,USD,NYSE/NASDAQ,US,SP500,Energy,EXE,False,
Expedia Group,EXPE,USD,NYSE/NASDAQ,US,SP500,Consumer Discretionary,EXPE,False,
Expeditors International,EXPD,USD,NYSE/NASDAQ,US,SP500,Industrials,EXPD,False,
Extra Space Storage,EXR,USD,NYSE/NASDAQ,US,SP500,Real Estate,EXR,False,
ExxonMobil,XOM,USD,NYSE/NASDAQ,US,SP500,Energy,XOM,False,
"F5, Inc.",FFIV,USD,NYSE/NASDAQ,US,SP500,Information Technology,FFIV,False,
FactSet,FDS,USD,NYSE/NASDAQ,US,SP500,Financials,FDS,False,
Fair Isaac,FICO,USD,NYSE/NASDAQ,US,SP500,Information Technology,FICO,False,
Fastenal,FAST,USD,NYSE/NASDAQ,US,SP500,Industrials,FAST,False,
Federal Realty Investment Trust,FRT,USD,NYSE/NASDAQ,US,SP500,Real Estate,FRT,False,
FedEx,FDX,USD,NYSE/NASDAQ,US,SP500,Industrials,FDX,False,
Fidelity National Information Services,FIS,USD,NYSE/NASDAQ,US,SP500,Financials,FIS,False,
Fifth Third Bancorp,FITB,USD,NYSE/NASDAQ,US,SP500,Financials,FITB,False,
First Solar,FSLR,USD,NYSE/NASDAQ,US,SP500,Information Technology,FSLR,False,
FirstEnergy,FE,USD,NYSE/NASDAQ,US,SP500,Utilities,FE,False,
Fiserv,FISV,USD,NYSE/NASDAQ,US,SP500,Financials,FISV,False,
Ford Motor Company,F,USD,NYSE/NASDAQ,US,SP500,Consumer Discretionary,F,False,
Fortinet,FTNT,USD,NYSE/NASDAQ,US,SP500,Information Technology,FTNT,False,
Fortive,FTV,USD,NYSE/NASDAQ,US,SP500,Industrials,FTV,False,
Fox Corporation (Class A),FOXA,USD,NYSE/NASDAQ,US,SP500,Communication Services,FOXA,False,
Fox Corporation (Class B),FOX,USD,NYSE/NASDAQ,US,SP500,Communication Services,FOX,False,
Franklin Resources,BEN,USD,NYSE/NASDAQ,US,SP500,Financials,BEN,False,
Freeport-McMoRan,FCX,USD,NYSE/NASDAQ,US,SP500,Materials,FCX,False,
Garmin,GRMN,USD,NYSE/NASDAQ,US,SP500,Consumer Discretionary,GRMN,False,
Gartner,IT,USD,NYSE/NASDAQ,US,SP500,Information Technology,IT,False,
GE Aerospace,GE,USD,NYSE/NASDAQ,US,SP500,Industrials,GE,False,
GE HealthCare,GEHC,USD,NYSE/NASDAQ,US,SP500,Health Care,GEHC,False,
GE Vernova,GEV,USD,NYSE/NASDAQ,US,SP500,Industrials,GEV,False,
Gen Digital,GEN,USD,NYSE/NASDAQ,US,SP500,Information Technology,GEN,False,
Generac,GNRC,USD,NYSE/NASDAQ,US,SP500,Industrials,GNRC,False,
General Dynamics,GD,USD,NYSE/NASDAQ,US,SP500,Industrials,GD,False,
General Mills,GIS,USD,NYSE/NASDAQ,US,SP500,Consumer Staples,GIS,False,
General Motors,GM,USD,NYSE/NASDAQ,US,SP500,Consumer Discretionary,GM,False,
Genuine Parts Company,GPC,USD,NYSE/NASDAQ,US,SP500,Consumer Discretionary,GPC,False,
Gilead Sciences,GILD,USD,NYSE/NASDAQ,US,SP500,Health Care,GILD,False,
Global Payments,GPN,USD,NYSE/NASDAQ,US,SP500,Financials,GPN,False,
Globe Life,GL,USD,NYSE/NASDAQ,US,SP500,Financials,GL,False,
GoDaddy,GDDY,USD,NYSE/NASDAQ,US,SP500,Information Technology,GDDY,False,
Goldman Sachs,GS,USD,NYSE/NASDAQ,US,SP500,Financials,GS,False,
Halliburton,HAL,USD,NYSE/NASDAQ,US,SP500,Energy,HAL,False,
Hartford (The),HIG,USD,NYSE/NASDAQ,US,SP500,Financials,HIG,False,
Hasbro,HAS,USD,NYSE/NASDAQ,US,SP500,Consumer Discretionary,HAS,False,
HCA Healthcare,HCA,USD,NYSE/NASDAQ,US,SP500,Health Care,HCA,False,
Healthpeak Properties,DOC,USD,NYSE/NASDAQ,US,SP500,Real Estate,DOC,False,
Henry Schein,HSIC,USD,NYSE/NASDAQ,US,SP500,Health Care,HSIC,False,
Hershey Company (The),HSY,USD,NYSE/NASDAQ,US,SP500,Consumer Staples,HSY,False,
Hewlett Packard Enterprise,HPE,USD,NYSE/NASDAQ,US,SP500,Information Technology,HPE,False,
Hilton Worldwide,HLT,USD,NYSE/NASDAQ,US,SP500,Consumer Discretionary,HLT,False,
Home Depot (The),HD,USD,NYSE/NASDAQ,US,SP500,Consumer Discretionary,HD,False,
Honeywell,HON,USD,NYSE/NASDAQ,US,SP500,Industrials,HON,False,
Hormel Foods,HRL,USD,NYSE/NASDAQ,US,SP500,Consumer Staples,HRL,False,
Host Hotels & Resorts,HST,USD,NYSE/NASDAQ,US,SP500,Real Estate,HST,False,
Howmet Aerospace,HWM,USD,NYSE/NASDAQ,US,SP500,Industrials,HWM,False,
HP Inc.,HPQ,USD,NYSE/NASDAQ,US,SP500,Information Technology,HPQ,False,
Hubbell Incorporated,HUBB,USD,NYSE/NASDAQ,US,SP500,Industrials,HUBB,False,
Humana,HUM,USD,NYSE/NASDAQ,US,SP500,Health Care,HUM,False,
Huntington Bancshares,HBAN,USD,NYSE/NASDAQ,US,SP500,Financials,HBAN,False,
Huntington Ingalls Industries,HII,USD,NYSE/NASDAQ,US,SP500,Industrials,HII,False,
IBM,IBM,USD,NYSE/NASDAQ,US,SP500,Information Technology,IBM,False,
IDEX Corporation,IEX,USD,NYSE/NASDAQ,US,SP500,Industrials,IEX,False,
Idexx Laboratories,IDXX,USD,NYSE/NASDAQ,US,SP500,Health Care,IDXX,False,
Illinois Tool Works,ITW,USD,NYSE/NASDAQ,US,SP500,Industrials,ITW,False,
Incyte,INCY,USD,NYSE/NASDAQ,US,SP500,Health Care,INCY,False,
Ingersoll Rand,IR,USD,NYSE/NASDAQ,US,SP500,Industrials,IR,False,
Insulet Corporation,PODD,USD,NYSE/NASDAQ,US,SP500,Health Care,PODD,False,
Intel,INTC,USD,NYSE/NASDAQ,US,SP500,Information Technology,INTC,False,
Interactive Brokers,IBKR,USD,NYSE/NASDAQ,US,SP500,Financials,IBKR,False,
Intercontinental Exchange,ICE,USD,NYSE/NASDAQ,US,SP500,Financials,ICE,False,
International Flavors & Fragrances,IFF,USD,NYSE/NASDAQ,US,SP500,Materials,IFF,False,
International Paper,IP,USD,NYSE/NASDAQ,US,SP500,Materials,IP,False,
Intuit,INTU,USD,NYSE/NASDAQ,US,SP500,Information Technology,INTU,False,
Intuitive Surgical,ISRG,USD,NYSE/NASDAQ,US,SP500,Health Care,ISRG,False,
Invesco,IVZ,USD,NYSE/NASDAQ,US,SP500,Financials,IVZ,False,
Invitation Homes,INVH,USD,NYSE/NASDAQ,US,SP500,Real Estate,INVH,False,
IQVIA,IQV,USD,NYSE/NASDAQ,US,SP500,Health Care,IQV,False,
Iron Mountain,IRM,USD,NYSE/NASDAQ,US,SP500,Real Estate,IRM,False,
J.B. Hunt,JBHT,USD,NYSE/NASDAQ,US,SP500,Industrials,JBHT,False,
Jabil,JBL,USD,NYSE/NASDAQ,US,SP500,Information Technology,JBL,False,
Jack Henry & Associates,JKHY,USD,NYSE/NASDAQ,US,SP500,Financials,JKHY,False,
Jacobs Solutions,J,USD,NYSE/NASDAQ,US,SP500,Industrials,J,False,
Johnson & Johnson,JNJ,USD,NYSE/NASDAQ,US,SP500,Health Care,JNJ,False,
Johnson Controls,JCI,USD,NYSE/NASDAQ,US,SP500,Industrials,JCI,False,
JPMorgan Chase,JPM,USD,NYSE/NASDAQ,US,SP500,Financials,JPM,False,
Kenvue,KVUE,USD,NYSE/NASDAQ,US,SP500,Consumer Staples,KVUE,False,
Keurig Dr Pepper,KDP,USD,NYSE/NASDAQ,US,SP500,Consumer Staples,KDP,False,
KeyCorp,KEY,USD,NYSE/NASDAQ,US,SP500,Financials,KEY,False,
Keysight Technologies,KEYS,USD,NYSE/NASDAQ,US,SP500,Information Technology,KEYS,False,
Kimberly-Clark,KMB,USD,NYSE/NASDAQ,US,SP500,Consumer Staples,KMB,False,
Kimco Realty,KIM,USD,NYSE/NASDAQ,US,SP500,Real Estate,KIM,False,
Kinder Morgan,KMI,USD,NYSE/NASDAQ,US,SP500,Energy,KMI,False,
KKR & Co.,KKR,USD,NYSE/NASDAQ,US,SP500,Financials,KKR,False,
KLA Corporation,KLAC,USD,NYSE/NASDAQ,US,SP500,Information Technology,KLAC,False,
Kraft Heinz,KHC,USD,NYSE/NASDAQ,US,SP500,Consumer Staples,KHC,False,
Kroger,KR,USD,NYSE/NASDAQ,US,SP500,Consumer Staples,KR,False,
L3Harris,LHX,USD,NYSE/NASDAQ,US,SP500,Industrials,LHX,False,
Labcorp,LH,USD,NYSE/NASDAQ,US,SP500,Health Care,LH,False,
Lam Research,LRCX,USD,NYSE/NASDAQ,US,SP500,Information Technology,LRCX,False,
Las Vegas Sands,LVS,USD,NYSE/NASDAQ,US,SP500,Consumer Discretionary,LVS,False,
Leidos,LDOS,USD,NYSE/NASDAQ,US,SP500,Industrials,LDOS,False,
Lennar,LEN,USD,NYSE/NASDAQ,US,SP500,Consumer Discretionary,LEN,False,
Lennox International,LII,USD,NYSE/NASDAQ,US,SP500,Industrials,LII,False,
Lilly (Eli),LLY,USD,NYSE/NASDAQ,US,SP500,Health Care,LLY,False,
Linde plc,LIN,USD,NYSE/NASDAQ,US,SP500,Materials,LIN,False,
Live Nation Entertainment,LYV,USD,NYSE/NASDAQ,US,SP500,Communication Services,LYV,False,
Lockheed Martin,LMT,USD,NYSE/NASDAQ,US,SP500,Industrials,LMT,False,
Loews Corporation,L,USD,NYSE/NASDAQ,US,SP500,Financials,L,False,
Lowe's,LOW,USD,NYSE/NASDAQ,US,SP500,Consumer Discretionary,LOW,False,
Lululemon Athletica,LULU,USD,NYSE/NASDAQ,US,SP500,Consumer Discretionary,LULU,False,
Lumentum,LITE,USD,NYSE/NASDAQ,US,SP500,Information Technology,LITE,False,
LyondellBasell,LYB,USD,NYSE/NASDAQ,US,SP500,Materials,LYB,False,
M&T Bank,MTB,USD,NYSE/NASDAQ,US,SP500,Financials,MTB,False,
Marathon Petroleum,MPC,USD,NYSE/NASDAQ,US,SP500,Energy,MPC,False,
Marriott International,MAR,USD,NYSE/NASDAQ,US,SP500,Consumer Discretionary,MAR,False,
Marsh McLennan,MRSH,USD,NYSE/NASDAQ,US,SP500,Financials,MRSH,False,
Martin Marietta Materials,MLM,USD,NYSE/NASDAQ,US,SP500,Materials,MLM,False,
Masco,MAS,USD,NYSE/NASDAQ,US,SP500,Industrials,MAS,False,
Mastercard,MA,USD,NYSE/NASDAQ,US,SP500,Financials,MA,False,
McCormick & Company,MKC,USD,NYSE/NASDAQ,US,SP500,Consumer Staples,MKC,False,
McDonald's,MCD,USD,NYSE/NASDAQ,US,SP500,Consumer Discretionary,MCD,False,
McKesson Corporation,MCK,USD,NYSE/NASDAQ,US,SP500,Health Care,MCK,False,
Medtronic,MDT,USD,NYSE/NASDAQ,US,SP500,Health Care,MDT,False,
Merck & Co.,MRK,USD,NYSE/NASDAQ,US,SP500,Health Care,MRK,False,
Meta Platforms,META,USD,NYSE/NASDAQ,US,SP500,Communication Services,META,False,
MetLife,MET,USD,NYSE/NASDAQ,US,SP500,Financials,MET,False,
Mettler Toledo,MTD,USD,NYSE/NASDAQ,US,SP500,Health Care,MTD,False,
MGM Resorts,MGM,USD,NYSE/NASDAQ,US,SP500,Consumer Discretionary,MGM,False,
Microchip Technology,MCHP,USD,NYSE/NASDAQ,US,SP500,Information Technology,MCHP,False,
Micron Technology,MU,USD,NYSE/NASDAQ,US,SP500,Information Technology,MU,False,
Microsoft,MSFT,USD,NYSE/NASDAQ,US,SP500,Information Technology,MSFT,False,
Mid-America Apartment Communities,MAA,USD,NYSE/NASDAQ,US,SP500,Real Estate,MAA,False,
Moderna,MRNA,USD,NYSE/NASDAQ,US,SP500,Health Care,MRNA,False,
Molson Coors Beverage Company,TAP,USD,NYSE/NASDAQ,US,SP500,Consumer Staples,TAP,False,
Mondelez International,MDLZ,USD,NYSE/NASDAQ,US,SP500,Consumer Staples,MDLZ,False,
Monolithic Power Systems,MPWR,USD,NYSE/NASDAQ,US,SP500,Information Technology,MPWR,False,
Monster Beverage,MNST,USD,NYSE/NASDAQ,US,SP500,Consumer Staples,MNST,False,
Moody's Corporation,MCO,USD,NYSE/NASDAQ,US,SP500,Financials,MCO,False,
Morgan Stanley,MS,USD,NYSE/NASDAQ,US,SP500,Financials,MS,False,
Mosaic Company (The),MOS,USD,NYSE/NASDAQ,US,SP500,Materials,MOS,False,
Motorola Solutions,MSI,USD,NYSE/NASDAQ,US,SP500,Information Technology,MSI,False,
MSCI Inc.,MSCI,USD,NYSE/NASDAQ,US,SP500,Financials,MSCI,False,
"Nasdaq, Inc.",NDAQ,USD,NYSE/NASDAQ,US,SP500,Financials,NDAQ,False,
NetApp,NTAP,USD,NYSE/NASDAQ,US,SP500,Information Technology,NTAP,False,
Netflix,NFLX,USD,NYSE/NASDAQ,US,SP500,Communication Services,NFLX,False,
Newmont,NEM,USD,NYSE/NASDAQ,US,SP500,Materials,NEM,False,
News Corp (Class A),NWSA,USD,NYSE/NASDAQ,US,SP500,Communication Services,NWSA,False,
News Corp (Class B),NWS,USD,NYSE/NASDAQ,US,SP500,Communication Services,NWS,False,
NextEra Energy,NEE,USD,NYSE/NASDAQ,US,SP500,Utilities,NEE,False,
"Nike, Inc.",NKE,USD,NYSE/NASDAQ,US,SP500,Consumer Discretionary,NKE,False,
NiSource,NI,USD,NYSE/NASDAQ,US,SP500,Utilities,NI,False,
Nordson Corporation,NDSN,USD,NYSE/NASDAQ,US,SP500,Industrials,NDSN,False,
Norfolk Southern,NSC,USD,NYSE/NASDAQ,US,SP500,Industrials,NSC,False,
Northern Trust,NTRS,USD,NYSE/NASDAQ,US,SP500,Financials,NTRS,False,
Northrop Grumman,NOC,USD,NYSE/NASDAQ,US,SP500,Industrials,NOC,False,
Norwegian Cruise Line Holdings,NCLH,USD,NYSE/NASDAQ,US,SP500,Consumer Discretionary,NCLH,False,
NRG Energy,NRG,USD,NYSE/NASDAQ,US,SP500,Utilities,NRG,False,
Nucor,NUE,USD,NYSE/NASDAQ,US,SP500,Materials,NUE,False,
Nvidia,NVDA,USD,NYSE/NASDAQ,US,SP500,Information Technology,NVDA,False,
"NVR, Inc.",NVR,USD,NYSE/NASDAQ,US,SP500,Consumer Discretionary,NVR,False,
NXP Semiconductors,NXPI,USD,NYSE/NASDAQ,US,SP500,Information Technology,NXPI,False,
O’Reilly Automotive,ORLY,USD,NYSE/NASDAQ,US,SP500,Consumer Discretionary,ORLY,False,
Occidental Petroleum,OXY,USD,NYSE/NASDAQ,US,SP500,Energy,OXY,False,
Old Dominion,ODFL,USD,NYSE/NASDAQ,US,SP500,Industrials,ODFL,False,
Omnicom Group,OMC,USD,NYSE/NASDAQ,US,SP500,Communication Services,OMC,False,
ON Semiconductor,ON,USD,NYSE/NASDAQ,US,SP500,Information Technology,ON,False,
Oneok,OKE,USD,NYSE/NASDAQ,US,SP500,Energy,OKE,False,
Oracle Corporation,ORCL,USD,NYSE/NASDAQ,US,SP500,Information Technology,ORCL,False,
Otis Worldwide,OTIS,USD,NYSE/NASDAQ,US,SP500,Industrials,OTIS,False,
Paccar,PCAR,USD,NYSE/NASDAQ,US,SP500,Industrials,PCAR,False,
Packaging Corporation of America,PKG,USD,NYSE/NASDAQ,US,SP500,Materials,PKG,False,
Palantir Technologies,PLTR,USD,NYSE/NASDAQ,US,SP500,Information Technology,PLTR,False,
Palo Alto Networks,PANW,USD,NYSE/NASDAQ,US,SP500,Information Technology,PANW,False,
Paramount Skydance Corporation,PSKY,USD,NYSE/NASDAQ,US,SP500,Communication Services,PSKY,False,
Parker Hannifin,PH,USD,NYSE/NASDAQ,US,SP500,Industrials,PH,False,
Paychex,PAYX,USD,NYSE/NASDAQ,US,SP500,Industrials,PAYX,False,
PayPal,PYPL,USD,NYSE/NASDAQ,US,SP500,Financials,PYPL,False,
Pentair,PNR,USD,NYSE/NASDAQ,US,SP500,Industrials,PNR,False,
PepsiCo,PEP,USD,NYSE/NASDAQ,US,SP500,Consumer Staples,PEP,False,
Pfizer,PFE,USD,NYSE/NASDAQ,US,SP500,Health Care,PFE,False,
PG&E Corporation,PCG,USD,NYSE/NASDAQ,US,SP500,Utilities,PCG,False,
Philip Morris International,PM,USD,NYSE/NASDAQ,US,SP500,Consumer Staples,PM,False,
Phillips 66,PSX,USD,NYSE/NASDAQ,US,SP500,Energy,PSX,False,
Pinnacle West Capital,PNW,USD,NYSE/NASDAQ,US,SP500,Utilities,PNW,False,
PNC Financial Services,PNC,USD,NYSE/NASDAQ,US,SP500,Financials,PNC,False,
Pool Corporation,POOL,USD,NYSE/NASDAQ,US,SP500,Consumer Discretionary,POOL,False,
PPG Industries,PPG,USD,NYSE/NASDAQ,US,SP500,Materials,PPG,False,
PPL Corporation,PPL,USD,NYSE/NASDAQ,US,SP500,Utilities,PPL,False,
Principal Financial Group,PFG,USD,NYSE/NASDAQ,US,SP500,Financials,PFG,False,
Procter & Gamble,PG,USD,NYSE/NASDAQ,US,SP500,Consumer Staples,PG,False,
Progressive Corporation,PGR,USD,NYSE/NASDAQ,US,SP500,Financials,PGR,False,
Prologis,PLD,USD,NYSE/NASDAQ,US,SP500,Real Estate,PLD,False,
Prudential Financial,PRU,USD,NYSE/NASDAQ,US,SP500,Financials,PRU,False,
Public Service Enterprise Group,PEG,USD,NYSE/NASDAQ,US,SP500,Utilities,PEG,False,
PTC Inc.,PTC,USD,NYSE/NASDAQ,US,SP500,Information Technology,PTC,False,
Public Storage,PSA,USD,NYSE/NASDAQ,US,SP500,Real Estate,PSA,False,
PulteGroup,PHM,USD,NYSE/NASDAQ,US,SP500,Consumer Discretionary,PHM,False,
Quanta Services,PWR,USD,NYSE/NASDAQ,US,SP500,Industrials,PWR,False,
Qualcomm,QCOM,USD,NYSE/NASDAQ,US,SP500,Information Technology,QCOM,False,
Quest Diagnostics,DGX,USD,NYSE/NASDAQ,US,SP500,Health Care,DGX,False,
Qnity Electronics,Q,USD,NYSE/NASDAQ,US,SP500,Information Technology,Q,False,
Ralph Lauren Corporation,RL,USD,NYSE/NASDAQ,US,SP500,Consumer Discretionary,RL,False,
Raymond James Financial,RJF,USD,NYSE/NASDAQ,US,SP500,Financials,RJF,False,
RTX Corporation,RTX,USD,NYSE/NASDAQ,US,SP500,Industrials,RTX,False,
Realty Income,O,USD,NYSE/NASDAQ,US,SP500,Real Estate,O,False,
Regency Centers,REG,USD,NYSE/NASDAQ,US,SP500,Real Estate,REG,False,
Regeneron Pharmaceuticals,REGN,USD,NYSE/NASDAQ,US,SP500,Health Care,REGN,False,
Regions Financial Corporation,RF,USD,NYSE/NASDAQ,US,SP500,Financials,RF,False,
Republic Services,RSG,USD,NYSE/NASDAQ,US,SP500,Industrials,RSG,False,
ResMed,RMD,USD,NYSE/NASDAQ,US,SP500,Health Care,RMD,False,
Revvity,RVTY,USD,NYSE/NASDAQ,US,SP500,Health Care,RVTY,False,
Robinhood Markets,HOOD,USD,NYSE/NASDAQ,US,SP500,Financials,HOOD,False,
Rockwell Automation,ROK,USD,NYSE/NASDAQ,US,SP500,Industrials,ROK,False,
"Rollins, Inc.",ROL,USD,NYSE/NASDAQ,US,SP500,Industrials,ROL,False,
Roper Technologies,ROP,USD,NYSE/NASDAQ,US,SP500,Information Technology,ROP,False,
Ross Stores,ROST,USD,NYSE/NASDAQ,US,SP500,Consumer Discretionary,ROST,False,
Royal Caribbean Group,RCL,USD,NYSE/NASDAQ,US,SP500,Consumer Discretionary,RCL,False,
S&P Global,SPGI,USD,NYSE/NASDAQ,US,SP500,Financials,SPGI,False,
Salesforce,CRM,USD,NYSE/NASDAQ,US,SP500,Information Technology,CRM,False,
Sandisk,SNDK,USD,NYSE/NASDAQ,US,SP500,Information Technology,SNDK,False,
SBA Communications,SBAC,USD,NYSE/NASDAQ,US,SP500,Real Estate,SBAC,False,
Schlumberger,SLB,USD,NYSE/NASDAQ,US,SP500,Energy,SLB,False,
Seagate Technology,STX,USD,NYSE/NASDAQ,US,SP500,Information Technology,STX,False,
Sempra,SRE,USD,NYSE/NASDAQ,US,SP500,Utilities,SRE,False,
ServiceNow,NOW,USD,NYSE/NASDAQ,US,SP500,Information Technology,NOW,False,
Sherwin-Williams,SHW,USD,NYSE/NASDAQ,US,SP500,Materials,SHW,False,
Simon Property Group,SPG,USD,NYSE/NASDAQ,US,SP500,Real Estate,SPG,False,
Skyworks Solutions,SWKS,USD,NYSE/NASDAQ,US,SP500,Information Technology,SWKS,False,
J.M. Smucker Company (The),SJM,USD,NYSE/NASDAQ,US,SP500,Consumer Staples,SJM,False,
Smurfit Westrock,SW,USD,NYSE/NASDAQ,US,SP500,Materials,SW,False,
Snap-on,SNA,USD,NYSE/NASDAQ,US,SP500,Industrials,SNA,False,
Solventum,SOLV,USD,NYSE/NASDAQ,US,SP500,Health Care,SOLV,False,
Southern Company,SO,USD,NYSE/NASDAQ,US,SP500,Utilities,SO,False,
Southwest Airlines,LUV,USD,NYSE/NASDAQ,US,SP500,Industrials,LUV,False,
Stanley Black & Decker,SWK,USD,NYSE/NASDAQ,US,SP500,Industrials,SWK,False,
Starbucks,SBUX,USD,NYSE/NASDAQ,US,SP500,Consumer Discretionary,SBUX,False,
State Street Corporation,STT,USD,NYSE/NASDAQ,US,SP500,Financials,STT,False,
Steel Dynamics,STLD,USD,NYSE/NASDAQ,US,SP500,Materials,STLD,False,
Steris,STE,USD,NYSE/NASDAQ,US,SP500,Health Care,STE,False,
Stryker Corporation,SYK,USD,NYSE/NASDAQ,US,SP500,Health Care,SYK,False,
Supermicro,SMCI,USD,NYSE/NASDAQ,US,SP500,Information Technology,SMCI,False,
Synchrony Financial,SYF,USD,NYSE/NASDAQ,US,SP500,Financials,SYF,False,
Synopsys,SNPS,USD,NYSE/NASDAQ,US,SP500,Information Technology,SNPS,False,
Sysco,SYY,USD,NYSE/NASDAQ,US,SP500,Consumer Staples,SYY,False,
T-Mobile US,TMUS,USD,NYSE/NASDAQ,US,SP500,Communication Services,TMUS,False,
T. Rowe Price,TROW,USD,NYSE/NASDAQ,US,SP500,Financials,TROW,False,
Take-Two Interactive,TTWO,USD,NYSE/NASDAQ,US,SP500,Communication Services,TTWO,False,
"Tapestry, Inc.",TPR,USD,NYSE/NASDAQ,US,SP500,Consumer Discretionary,TPR,False,
Targa Resources,TRGP,USD,NYSE/NASDAQ,US,SP500,Energy,TRGP,False,
Target Corporation,TGT,USD,NYSE/NASDAQ,US,SP500,Consumer Staples,TGT,False,
TE Connectivity,TEL,USD,NYSE/NASDAQ,US,SP500,Information Technology,TEL,False,
Teledyne Technologies,TDY,USD,NYSE/NASDAQ,US,SP500,Information Technology,TDY,False,
Teradyne,TER,USD,NYSE/NASDAQ,US,SP500,Information Technology,TER,False,
"Tesla, Inc.",TSLA,USD,NYSE/NASDAQ,US,SP500,Consumer Discretionary,TSLA,False,
Texas Instruments,TXN,USD,NYSE/NASDAQ,US,SP500,Information Technology,TXN,False,
Texas Pacific Land Corporation,TPL,USD,NYSE/NASDAQ,US,SP500,Energy,TPL,False,
Textron,TXT,USD,NYSE/NASDAQ,US,SP500,Industrials,TXT,False,
Thermo Fisher Scientific,TMO,USD,NYSE/NASDAQ,US,SP500,Health Care,TMO,False,
TJX Companies,TJX,USD,NYSE/NASDAQ,US,SP500,Consumer Discretionary,TJX,False,
TKO Group Holdings,TKO,USD,NYSE/NASDAQ,US,SP500,Communication Services,TKO,False,
Trade Desk (The),TTD,USD,NYSE/NASDAQ,US,SP500,Communication Services,TTD,False,
Tractor Supply,TSCO,USD,NYSE/NASDAQ,US,SP500,Consumer Discretionary,TSCO,False,
Trane Technologies,TT,USD,NYSE/NASDAQ,US,SP500,Industrials,TT,False,
TransDigm Group,TDG,USD,NYSE/NASDAQ,US,SP500,Industrials,TDG,False,
Travelers Companies (The),TRV,USD,NYSE/NASDAQ,US,SP500,Financials,TRV,False,
Trimble Inc.,TRMB,USD,NYSE/NASDAQ,US,SP500,Information Technology,TRMB,False,
Truist Financial,TFC,USD,NYSE/NASDAQ,US,SP500,Financials,TFC,False,
Tyler Technologies,TYL,USD,NYSE/NASDAQ,US,SP500,Information Technology,TYL,False,
Tyson Foods,TSN,USD,NYSE/NASDAQ,US,SP500,Consumer Staples,TSN,False,
U.S. Bancorp,USB,USD,NYSE/NASDAQ,US,SP500,Financials,USB,False,
Uber,UBER,USD,NYSE/NASDAQ,US,SP500,Industrials,UBER,False,
"UDR, Inc.",UDR,USD,NYSE/NASDAQ,US,SP500,Real Estate,UDR,False,
Ulta Beauty,ULTA,USD,NYSE/NASDAQ,US,SP500,Consumer Discretionary,ULTA,False,
Union Pacific Corporation,UNP,USD,NYSE/NASDAQ,US,SP500,Industrials,UNP,False,
United Airlines Holdings,UAL,USD,NYSE/NASDAQ,US,SP500,Industrials,UAL,False,
United Parcel Service,UPS,USD,NYSE/NASDAQ,US,SP500,Industrials,UPS,False,
United Rentals,URI,USD,NYSE/NASDAQ,US,SP500,Industrials,URI,False,
UnitedHealth Group,UNH,USD,NYSE/NASDAQ,US,SP500,Health Care,UNH,False,
Universal Health Services,UHS,USD,NYSE/NASDAQ,US,SP500,Health Care,UHS,False,
Valero Energy,VLO,USD,NYSE/NASDAQ,US,SP500,Energy,VLO,False,
Veeva Systems,VEEV,USD,NYSE/NASDAQ,US,SP500,Health Care,VEEV,False,
Ventas,VTR,USD,NYSE/NASDAQ,US,SP500,Real Estate,VTR,False,
Veralto,VLTO,USD,NYSE/NASDAQ,US,SP500,Industrials,VLTO,False,
Verisign,VRSN,USD,NYSE/NASDAQ,US,SP500,Information Technology,VRSN,False,
Verisk Analytics,VRSK,USD,NYSE/NASDAQ,US,SP500,Industrials,VRSK,False,
Verizon,VZ,USD,NYSE/NASDAQ,US,SP500,Communication Services,VZ,False,
Vertex Pharmaceuticals,VRTX,USD,NYSE/NASDAQ,US,SP500,Health Care,VRTX,False,
Vertiv,VRT,USD,NYSE/NASDAQ,US,SP500,Industrials,VRT,False,
Viatris,VTRS,USD,NYSE/NASDAQ,US,SP500,Health Care,VTRS,False,
Vici Properties,VICI,USD,NYSE/NASDAQ,US,SP500,Real Estate,VICI,False,
Visa Inc.,V,USD,NYSE/NASDAQ,US,SP500,Financials,V,False,
Vistra Corp.,VST,USD,NYSE/NASDAQ,US,SP500,Utilities,VST,False,
Vulcan Materials Company,VMC,USD,NYSE/NASDAQ,US,SP500,Materials,VMC,False,
W. R. Berkley Corporation,WRB,USD,NYSE/NASDAQ,US,SP500,Financials,WRB,False,
W. W. Grainger,GWW,USD,NYSE/NASDAQ,US,SP500,Industrials,GWW,False,
Wabtec,WAB,USD,NYSE/NASDAQ,US,SP500,Industrials,WAB,False,
Walmart,WMT,USD,NYSE/NASDAQ,US,SP500,Consumer Staples,WMT,False,
Walt Disney Company (The),DIS,USD,NYSE/NASDAQ,US,SP500,Communication Services,DIS,False,
Warner Bros. Discovery,WBD,USD,NYSE/NASDAQ,US,SP500,Communication Services,WBD,False,
Waste Management,WM,USD,NYSE/NASDAQ,US,SP500,Industrials,WM,False,
Waters Corporation,WAT,USD,NYSE/NASDAQ,US,SP500,Health Care,WAT,False,
WEC Energy Group,WEC,USD,NYSE/NASDAQ,US,SP500,Utilities,WEC,False,
Wells Fargo,WFC,USD,NYSE/NASDAQ,US,SP500,Financials,WFC,False,
Welltower,WELL,USD,NYSE/NASDAQ,US,SP500,Real Estate,WELL,False,
West Pharmaceutical Services,WST,USD,NYSE/NASDAQ,US,SP500,Health Care,WST,False,
Western Digital,WDC,USD,NYSE/NASDAQ,US,SP500,Information Technology,WDC,False,
Weyerhaeuser,WY,USD,NYSE/NASDAQ,US,SP500,Real Estate,WY,False,
"Williams-Sonoma, Inc.",WSM,USD,NYSE/NASDAQ,US,SP500,Consumer Discretionary,WSM,False,
Williams Companies,WMB,USD,NYSE/NASDAQ,US,SP500,Energy,WMB,False,
Willis Towers Watson,WTW,USD,NYSE/NASDAQ,US,SP500,Financials,WTW,False,
"Workday, Inc.",WDAY,USD,NYSE/NASDAQ,US,SP500,Information Technology,WDAY,False,
Wynn Resorts,WYNN,USD,NYSE/NASDAQ,US,SP500,Consumer Discretionary,WYNN,False,
Xcel Energy,XEL,USD,NYSE/NASDAQ,US,SP500,Utilities,XEL,False,
Xylem Inc.,XYL,USD,NYSE/NASDAQ,US,SP500,Industrials,XYL,False,
Yum! Brands,YUM,USD,NYSE/NASDAQ,US,SP500,Consumer Discretionary,YUM,False,
Zebra Technologies,ZBRA,USD,NYSE/NASDAQ,US,SP500,Information Technology,ZBRA,False,
Zimmer Biomet,ZBH,USD,NYSE/NASDAQ,US,SP500,Health Care,ZBH,False,
Zoetis,ZTS,USD,NYSE/NASDAQ,US,SP500,Health Care,ZTS,False,
BHP Group Ltd,BHP.AX,AUD,ASX,Australia,ASX50,Mining,BHP.AX,True,BHP
Commonwealth Bank of Australia,CBA.AX,AUD,ASX,Australia,ASX50,Banking,CBA.AX,False,
CSL Ltd,CSL.AX,AUD,ASX,Australia,ASX50,Pharmaceuticals,CSL.AX,True,CSLLY
National Australia Bank Ltd,NAB.AX,AUD,ASX,Australia,ASX50,Banking,NAB.AX,False,
Westpac Banking Corp,WBC.AX,AUD,ASX,Australia,ASX50,Banking,WBC.AX,False,
ANZ Banking Group Ltd,ANZ.AX,AUD,ASX,Australia,ASX50,Banking,ANZ.AX,False,
Macquarie Group Ltd,MQG.AX,AUD,ASX,Australia,ASX50,Financial Services,MQG.AX,False,
Wesfarmers Ltd,WES.AX,AUD,ASX,Australia,ASX50,Retail,WES.AX,False,
Woodside Energy Group Ltd,WDS.AX,AUD,ASX,Australia,ASX50,Energy,WDS.AX,True,WDS
Fortescue Ltd,FMG.AX,AUD,ASX,Australia,ASX50,Mining,FMG.AX,False,
Rio Tinto Ltd,RIO.AX,AUD,ASX,Australia,ASX50,Mining,RIO.AX,True,RIO
Woolworths Group Ltd,WOW.AX,AUD,ASX,Australia,ASX50,Retail,WOW.AX,False,
Telstra Group Ltd,TLS.AX,AUD,ASX,Australia,ASX50,Telecom,TLS.AX,False,
Coles Group Ltd,COL.AX,AUD,ASX,Australia,ASX50,Retail,COL.AX,False,
Goodman Group,GMG.AX,AUD,ASX,Australia,ASX50,Real Estate,GMG.AX,False,
Transurban Group,TCL.AX,AUD,ASX,Australia,ASX50,Industrials,TCL.AX,False,
Santos Ltd,STO.AX,AUD,ASX,Australia,ASX50,Energy,STO.AX,False,
South32 Ltd,S32.AX,AUD,ASX,Australia,ASX50,Mining,S32.AX,False,
APA Group,APA.AX,AUD,ASX,Australia,ASX50,Utilities,APA.AX,False,
Suncorp Group Ltd,SUN.AX,AUD,ASX,Australia,ASX50,Insurance,SUN.AX,False,
Insurance Australia Group Ltd,IAG.AX,AUD,ASX,Australia,ASX50,Insurance,IAG.AX,False,
QBE Insurance Group Ltd,QBE.AX,AUD,ASX,Australia,ASX50,Insurance,QBE.AX,False,
ASX Ltd,ASX.AX,AUD,ASX,Australia,ASX50,Financial Services,ASX.AX,False,
Scentre Group,SCG.AX,AUD,ASX,Australia,ASX50,Real Estate,SCG.AX,False,
Dexus,DXS.AX,AUD,ASX,Australia,ASX50,Real Estate,DXS.AX,False,
Mirvac Group,MGR.AX,AUD,ASX,Australia,ASX50,Real Estate,MGR.AX,False,
Stockland Corp Ltd,SGP.AX,AUD,ASX,Australia,ASX50,Real Estate,SGP.AX,False,
Origin Energy Ltd,ORG.AX,AUD,ASX,Australia,ASX50,Energy,ORG.AX,False,
AGL Energy Ltd,AGL.AX,AUD,ASX,Australia,ASX50,Utilities,AGL.AX,False,
ResMed Inc,RMD.AX,AUD,ASX,Australia,ASX50,Healthcare,RMD.AX,True,RMD
Cochlear Ltd,COH.AX,AUD,ASX,Australia,ASX50,Healthcare,COH.AX,True,CHEAR
James Hardie Industries PLC,JHX.AX,AUD,ASX,Australia,ASX50,Materials,JHX.AX,True,JHX
Amcor PLC,AMC.AX,AUD,ASX,Australia,ASX50,Packaging,AMC.AX,True,AMCR
Brambles Ltd,BXB.AX,AUD,ASX,Australia,ASX50,Industrials,BXB.AX,True,BXBLY
Computershare Ltd,CPU.AX,AUD,ASX,Australia,ASX50,Financial Services,CPU.AX,False,
REA Group Ltd,REA.AX,AUD,ASX,Australia,ASX50,Technology,REA.AX,False,
WiseTech Global Ltd,WTC.AX,AUD,ASX,Australia,ASX50,Technology,WTC.AX,False,
Xero Ltd,XRO.AX,AUD,ASX,Australia,ASX50,Technology,XRO.AX,False,
Aristocrat Leisure Ltd,ALL.AX,AUD,ASX,Australia,ASX50,Consumer Services,ALL.AX,False,
Qantas Airways Ltd,QAN.AX,AUD,ASX,Australia,ASX50,Airlines,QAN.AX,True,QABSY
Seek Ltd,SEK.AX,AUD,ASX,Australia,ASX50,Technology,SEK.AX,False,
Treasury Wine Estates Ltd,TWE.AX,AUD,ASX,Australia,ASX50,Consumer Staples,TWE.AX,False,
Newmont Corp,NEM.AX,AUD,ASX,Australia,ASX50,Mining,NEM.AX,False,
Northern Star Resources Ltd,NST.AX,AUD,ASX,Australia,ASX50,Mining,NST.AX,False,
Evolution Mining Ltd,EVN.AX,AUD,ASX,Australia,ASX50,Mining,EVN.AX,False,
Mineral Resources Ltd,MIN.AX,AUD,ASX,Australia,ASX50,Mining,MIN.AX,False,
Pilbara Minerals Ltd,PLS.AX,AUD,ASX,Australia,ASX50,Mining,PLS.AX,False,
Meridian Energy Ltd,MEZ.AX,AUD,ASX,Australia,ASX50,Utilities,MEZ.AX,False,
Ramsay Health Care Ltd,RHC.AX,AUD,ASX,Australia,ASX50,Healthcare,RHC.AX,False,
Flight Centre Travel Group Ltd,FLT.AX,AUD,ASX,Australia,ASX50,Consumer Services,FLT.AX,False,
HSBC Holdings PLC,0005.HK,HKD,HKEX,Hong Kong,HSI50,Banking,0005.HK,True,HSBC
AIA Group Ltd,1299.HK,HKD,HKEX,Hong Kong,HSI50,Insurance,1299.HK,True,AAGIY
Tencent Holdings Ltd,0700.HK,HKD,HKEX,Hong Kong,HSI50,Technology,0700.HK,True,TCEHY
Alibaba Group Holding Ltd,9988.HK,HKD,HKEX,Hong Kong,HSI50,Technology,9988.HK,True,BABA
Meituan,3690.HK,HKD,HKEX,Hong Kong,HSI50,Technology,3690.HK,False,
China Mobile Ltd,0941.HK,HKD,HKEX,Hong Kong,HSI50,Telecom,0941.HK,True,CHL
China Construction Bank Corp,0939.HK,HKD,HKEX,Hong Kong,HSI50,Banking,0939.HK,False,
Industrial & Commercial Bank of China,1398.HK,HKD,HKEX,Hong Kong,HSI50,Banking,1398.HK,False,
Bank of China Ltd,3988.HK,HKD,HKEX,Hong Kong,HSI50,Banking,3988.HK,False,
Ping An Insurance Group Co,2318.HK,HKD,HKEX,Hong Kong,HSI50,Insurance,2318.HK,True,PIAIF
China Life Insurance Co Ltd,2628.HK,HKD,HKEX,Hong Kong,HSI50,Insurance,2628.HK,False,
CNOOC Ltd,0883.HK,HKD,HKEX,Hong Kong,HSI50,Energy,0883.HK,True,CEO
PetroChina Co Ltd,0857.HK,HKD,HKEX,Hong Kong,HSI50,Energy,0857.HK,True,PTR
China Petroleum & Chemical Corp,0386.HK,HKD,HKEX,Hong Kong,HSI50,Energy,0386.HK,True,SNP
CK Hutchison Holdings Ltd,0001.HK,HKD,HKEX,Hong Kong,HSI50,Industrials,0001.HK,False,
CK Asset Holdings Ltd,1113.HK,HKD,HKEX,Hong Kong,HSI50,Real Estate,1113.HK,False,
Sun Hung Kai Properties Ltd,0016.HK,HKD,HKEX,Hong Kong,HSI50,Real Estate,0016.HK,False,
Link Real Estate Investment Trust,0823.HK,HKD,HKEX,Hong Kong,HSI50,Real Estate,0823.HK,False,
MTR Corp Ltd,0066.HK,HKD,HKEX,Hong Kong,HSI50,Industrials,0066.HK,False,
CLP Holdings Ltd,0002.HK,HKD,HKEX,Hong Kong,HSI50,Utilities,0002.HK,False,
Hong Kong & China Gas Co Ltd,0003.HK,HKD,HKEX,Hong Kong,HSI50,Utilities,0003.HK,False,
Power Assets Holdings Ltd,0006.HK,HKD,HKEX,Hong Kong,HSI50,Utilities,0006.HK,False,
Swire Pacific Ltd,0019.HK,HKD,HKEX,Hong Kong,HSI50,Industrials,0019.HK,False,
Hong Kong Exchanges & Clearing Ltd,0388.HK,HKD,HKEX,Hong Kong,HSI50,Financial Services,0388.HK,False,
Hang Seng Bank Ltd,0011.HK,HKD,HKEX,Hong Kong,HSI50,Banking,0011.HK,False,
China Resources Land Ltd,1109.HK,HKD,HKEX,Hong Kong,HSI50,Real Estate,1109.HK,False,
China Overseas Land & Investment Ltd,0688.HK,HKD,HKEX,Hong Kong,HSI50,Real Estate,0688.HK,False,
Longfor Group Holdings Ltd,0960.HK,HKD,HKEX,Hong Kong,HSI50,Real Estate,0960.HK,False,
Geely Automobile Holdings Ltd,0175.HK,HKD,HKEX,Hong Kong,HSI50,Automotive,0175.HK,False,
BYD Co Ltd,1211.HK,HKD,HKEX,Hong Kong,HSI50,Automotive,1211.HK,True,BYDDY
Xiaomi Corp,1810.HK,HKD,HKEX,Hong Kong,HSI50,Technology,1810.HK,False,
NetEase Inc,9999.HK,HKD,HKEX,Hong Kong,HSI50,Technology,9999.HK,True,NTES
JD.com Inc,9618.HK,HKD,HKEX,Hong Kong,HSI50,Technology,9618.HK,True,JD
Baidu Inc,9888.HK,HKD,HKEX,Hong Kong,HSI50,Technology,9888.HK,True,BIDU
Wuxi Biologics Cayman Inc,2269.HK,HKD,HKEX,Hong Kong,HSI50,Pharmaceuticals,2269.HK,False,
Semiconductor Manufacturing Intl Corp,0981.HK,HKD,HKEX,Hong Kong,HSI50,Technology,0981.HK,False,
Galaxy Entertainment Group Ltd,0027.HK,HKD,HKEX,Hong Kong,HSI50,Consumer Services,0027.HK,False,
Sands China Ltd,1928.HK,HKD,HKEX,Hong Kong,HSI50,Consumer Services,1928.HK,False,
Li Ning Co Ltd,2331.HK,HKD,HKEX,Hong Kong,HSI50,Consumer Staples,2331.HK,False,
Anta Sports Products Ltd,2020.HK,HKD,HKEX,Hong Kong,HSI50,Consumer Staples,2020.HK,False,
Henderson Land Development Co Ltd,0012.HK,HKD,HKEX,Hong Kong,HSI50,Real Estate,0012.HK,False,
New World Development Co Ltd,0017.HK,HKD,HKEX,Hong Kong,HSI50,Real Estate,0017.HK,False,
Sino Land Co Ltd,0083.HK,HKD,HKEX,Hong Kong,HSI50,Real Estate,0083.HK,False,
China Unicom Hong Kong Ltd,0762.HK,HKD,HKEX,Hong Kong,HSI50,Telecom,0762.HK,False,
China Telecom Corp Ltd,0728.HK,HKD,HKEX,Hong Kong,HSI50,Telecom,0728.HK,False,
BOC Hong Kong Holdings Ltd,2388.HK,HKD,HKEX,Hong Kong,HSI50,Banking,2388.HK,False,
Wharf Real Estate Investment Co Ltd,1997.HK,HKD,HKEX,Hong Kong,HSI50,Real Estate,1997.HK,False,
Budweiser Brewing Company APAC Ltd,1876.HK,HKD,HKEX,Hong Kong,HSI50,Consumer Staples,1876.HK,False,
Nongfu Spring Co Ltd,9633.HK,HKD,HKEX,Hong Kong,HSI50,Consumer Staples,9633.HK,False,
Trip.com Group Ltd,9961.HK,HKD,HKEX,Hong Kong,HSI50,Technology,9961.HK,False,
Toyota Motor Corp,7203.T,JPY,Tokyo Stock Exchange,Japan,NIKKEI30,Automotive,7203.T,True,TM
Sony Group Corp,6758.T,JPY,Tokyo Stock Exchange,Japan,NIKKEI30,Technology,6758.T,True,SONY
SoftBank Group Corp,9984.T,JPY,Tokyo Stock Exchange,Japan,NIKKEI30,Technology,9984.T,True,SFTBY
Keyence Corp,6861.T,JPY,Tokyo Stock Exchange,Japan,NIKKEI30,Technology,6861.T,False,
Recruit Holdings Co Ltd,6098.T,JPY,Tokyo Stock Exchange,Japan,NIKKEI30,Technology,6098.T,False,
KDDI Corp,9433.T,JPY,Tokyo Stock Exchange,Japan,NIKKEI30,Telecom,9433.T,False,
Nippon Telegraph and Telephone Corp,9432.T,JPY,Tokyo Stock Exchange,Japan,NIKKEI30,Telecom,9432.T,False,
Mitsubishi UFJ Financial Group Inc,8306.T,JPY,Tokyo Stock Exchange,Japan,NIKKEI30,Banking,8306.T,True,MUFG
Sumitomo Mitsui Financial Group Inc,8316.T,JPY,Tokyo Stock Exchange,Japan,NIKKEI30,Banking,8316.T,True,SMFG
Mizuho Financial Group Inc,8411.T,JPY,Tokyo Stock Exchange,Japan,NIKKEI30,Banking,8411.T,True,MFG
Fast Retailing Co Ltd,9983.T,JPY,Tokyo Stock Exchange,Japan,NIKKEI30,Retail,9983.T,False,
Shin-Etsu Chemical Co Ltd,4063.T,JPY,Tokyo Stock Exchange,Japan,NIKKEI30,Chemicals,4063.T,False,
Daikin Industries Ltd,6367.T,JPY,Tokyo Stock Exchange,Japan,NIKKEI30,Industrials,6367.T,False,
Honda Motor Co Ltd,7267.T,JPY,Tokyo Stock Exchange,Japan,NIKKEI30,Automotive,7267.T,True,HMC
Hitachi Ltd,6501.T,JPY,Tokyo Stock Exchange,Japan,NIKKEI30,Industrials,6501.T,True,HTHIY
Fanuc Corp,6954.T,JPY,Tokyo Stock Exchange,Japan,NIKKEI30,Industrials,6954.T,False,
Murata Manufacturing Co Ltd,6981.T,JPY,Tokyo Stock Exchange,Japan,NIKKEI30,Technology,6981.T,False,
TDK Corp,6762.T,JPY,Tokyo Stock Exchange,Japan,NIKKEI30,Technology,6762.T,False,
Asahi Group Holdings Ltd,2502.T,JPY,Tokyo Stock Exchange,Japan,NIKKEI30,Consumer Staples,2502.T,False,
Kirin Holdings Co Ltd,2503.T,JPY,Tokyo Stock Exchange,Japan,NIKKEI30,Consumer Staples,2503.T,False,
Nippon Steel Corp,5401.T,JPY,Tokyo Stock Exchange,Japan,NIKKEI30,Materials,5401.T,True,NPSCY
Bridgestone Corp,5108.T,JPY,Tokyo Stock Exchange,Japan,NIKKEI30,Automotive,5108.T,True,BRDCY
Denso Corp,6902.T,JPY,Tokyo Stock Exchange,Japan,NIKKEI30,Automotive,6902.T,False,
Kubota Corp,6326.T,JPY,Tokyo Stock Exchange,Japan,NIKKEI30,Industrials,6326.T,False,
Fujitsu Ltd,6702.T,JPY,Tokyo Stock Exchange,Japan,NIKKEI30,Technology,6702.T,False,
Takeda Pharmaceutical Co Ltd,4502.T,JPY,Tokyo Stock Exchange,Japan,NIKKEI30,Pharmaceuticals,4502.T,True,TAK
Astellas Pharma Inc,4503.T,JPY,Tokyo Stock Exchange,Japan,NIKKEI30,Pharmaceuticals,4503.T,False,
Daiichi Sankyo Co Ltd,4568.T,JPY,Tokyo Stock Exchange,Japan,NIKKEI30,Pharmaceuticals,4568.T,False,
Olympus Corp,7733.T,JPY,Tokyo Stock Exchange,Japan,NIKKEI30,Healthcare,7733.T,False,
Panasonic Holdings Corp,6752.T,JPY,Tokyo Stock Exchange,Japan,NIKKEI30,Technology,6752.T,True,PCRFY
Kweichow Moutai Co Ltd,600519.SS,CNY,Shanghai Stock Exchange,China,CSI300,Consumer Staples,600519.SS,False,
China Merchants Bank Co Ltd,600036.SS,CNY,Shanghai Stock Exchange,China,CSI300,Banking,600036.SS,False,
Ping An Insurance Group Co A,601318.SS,CNY,Shanghai Stock Exchange,China,CSI300,Insurance,601318.SS,False,
Industrial Bank Co Ltd,601166.SS,CNY,Shanghai Stock Exchange,China,CSI300,Banking,601166.SS,False,
Wuliangye Yibin Co Ltd,000858.SZ,CNY,Shenzhen Stock Exchange,China,CSI300,Consumer Staples,000858.SZ,False,
CITIC Securities Co Ltd,600030.SS,CNY,Shanghai Stock Exchange,China,CSI300,Financial Services,600030.SS,False,
Midea Group Co Ltd,000333.SZ,CNY,Shenzhen Stock Exchange,China,CSI300,Consumer Staples,000333.SZ,False,
Gree Electric Appliances Inc,000651.SZ,CNY,Shenzhen Stock Exchange,China,CSI300,Consumer Staples,000651.SZ,False,
LONGi Green Energy Technology Co,601012.SS,CNY,Shanghai Stock Exchange,China,CSI300,Energy,601012.SS,False,
BYD Co Ltd A,002594.SZ,CNY,Shenzhen Stock Exchange,China,CSI300,Automotive,002594.SZ,False,
Contemporary Amperex Technology Co,300750.SZ,CNY,Shenzhen Stock Exchange,China,CSI300,Technology,300750.SZ,False,
Zijin Mining Group Co Ltd,601899.SS,CNY,Shanghai Stock Exchange,China,CSI300,Mining,601899.SS,False,
China Yangtze Power Co Ltd,600900.SS,CNY,Shanghai Stock Exchange,China,CSI300,Utilities,600900.SS,False,
Sungrow Power Supply Co Ltd,300274.SZ,CNY,Shenzhen Stock Exchange,China,CSI300,Energy,300274.SZ,False,
Jiangsu Hengrui Medicine Co Ltd,600276.SS,CNY,Shanghai Stock Exchange,China,CSI300,Pharmaceuticals,600276.SS,False,
Muyuan Foods Co Ltd,002714.SZ,CNY,Shenzhen Stock Exchange,China,CSI300,Consumer Staples,002714.SZ,False,
China Tourism Group Duty Free,601888.SS,CNY,Shanghai Stock Exchange,China,CSI300,Retail,601888.SS,False,
Will Semiconductor Co Ltd,603501.SS,CNY,Shanghai Stock Exchange,China,CSI300,Technology,603501.SS,False,
Bank of Ningbo Co Ltd,002142.SZ,CNY,Shenzhen Stock Exchange,China,CSI300,Banking,002142.SZ,False,
East Money Information Co Ltd,300059.SZ,CNY,Shenzhen Stock Exchange,China,CSI300,Financial Services,300059.SZ,False,
